J10_2_9_18,156,1,0
J10_2_9_19,89,1,0
J10_3_5_9,2,1,0
J10_3_8_9,0,1,0
J10_5_6_7_9,1,1,0
J10_5_6_9,32,1,0
J10_6_7_8_9,48,1,0
J10_9_15_19,44,1,0
J11_10_16_20,29,1,0
J11_1_2_3_4_5_6_9_10,8,1,0
J11_1_5_7_10_27,222,1,0
J11_3_6_9_10,3,1,0
J12_11_15_18,37,1,0
J12_11_16,1,1,0
J12_11_18,2,1,0
J12_1_2_11,1,1,0
J12_1_2_3_4_7_8_9_10_11,8,1,0
J12_2_4_5_7_10_11,1,1,0
J12_2_5_11,71,1,0
J13_12_14,38,1,0
J14_2_12_13,46,1,0
J14_8_11_13,24,1,0
J14_9_11_13,3,1,0
J15_1_2_14,31,1,0
J15_3_9_14,15,1,0
J15_5_7_9_10_11_13_14,6,1,0
J16_3_6_9_10_12_14_15,22,1,0
J16_4_12_15,217,1,0
J16_5_12_15,84,1,0
J16_6_9_12_15,2,1,0
J17_13_16,14,1,0
J17_1_3_10_16,69,1,0
J17_9_10_12_16,2,1,0
J18_2_7_17,1,1,0
J18_3_5_17,179,1,0
J18_7_9_11_12_17,21,1,0
J19_18,0,1,0
J19_1_6_11_18,18,1,0
J19_1_6_18,66,1,0
J19_3_5_12_18,73,1,0
J19_8_18,71,1,0
J20_3_5_7_19,67,1,0
J21_11_12_13_20,40,1,0
J21_20,1,1,0
J21_5_11_20,54,1,0
J22_10_11_14_17_18_21,3,1,0
J22_10_21,10,1,0
J22_16_20_21,5,1,0
J22_17_18_21,3,1,0
J22_6_12_21,30,1,0
J23_14_16_22,109,1,0
J23_3_4_5_6_7_8_9_22,88,1,0
J23_5_7_22,104,1,0
J24_7_8_23,31,1,0
J25_11_12_13_15_17_19_21_23_24,43,1,0
J25_23_24_28,213,1,0
J25_7_23_24,25,1,0
J25_7_24,27,1,0
J26_1_25,24,1,0
J26_1_6_25,4073,1,0
J26_21_25,1,1,0
J26_4_7_11_15_19_24_25,115,1,0
J26_8_18_25,44,1,0
J27_20_26,1,1,0
J27_2_9_13_19_20_25_26,222,1,0
J27_3_4_10_13_16_20_24_26,98,1,0
J27_5_26,44,1,0
J27_6_9_16_18_19_22_26,1,1,0
J28_18_27,1,1,0
J28_3_17_27,10,1,0
J29_14_16_17_28,2,1,0
J2_5_22,55,1,0
J2_8_10,3,1,0
J30_5_11_29,1,1,0
J31_17_30,214,1,0
J31_19_30,5,1,0
J32_9_11,40,1,0
J33_10_32,13,1,0
J34_9_33,19,1,0
J35_12_14,40,1,0
J37_23_36,4,1,0
J37_31_32_34_36,2,1,0
J38_13_37,4,1,0
J38_34_37,6,1,0
J39_12_38,8,1,0
J40_28_29_32_35_36_39,3,1,0
J41_23_25_40,36,1,0
J43_39_40_42,1,1,0
J48_46_47,36,1,0
J4_3_6_13,3,1,0
J6_3_5_8,1,1,0
J7_6_11,1,1,0
J8_16_17,6,1,0
J8_1_2_7,4,1,0
J9_17_18,4,1,0
J9_1_2_4_5_8,32,1,0
J9_8_12,2,1,0
J9_8_19,61,1,0
M1_10,3,1,0
M2_10,1,1,0
M3_10,1,1,0
M4_10,2,1,0
M5_10,1,1,0
M6_10,2,1,0
M7_10,1,1,0
M8_10,1,1,0
M8_5,5,1,0
M8_6,8,1,0
R10_14,1,1,0
R10_18,3,1,0
R10_28,11,1,0
R10_7,1,1,0
R10_7_8_9,2,1,0
R11_19,4,1,0
R11_22,1,1,0
R12_16,1,1,0
R12_1_2_3_4_5_6_7_8_11,4,1,0
R12_25,2,1,0
R12_2_5_11,1,1,0
R12_3_11,11,1,0
R13_10,2,1,0
R13_25,177,1,0
R13_3,1,1,0
R14_19,4,1,0
R14_22,0,1,0
R14_28,10,1,0
R14_3,1,1,0
R15_12,0,1,0
R15_14_27,214,1,0
R15_20,0,1,0
R15_24,1,1,0
R15_28,1,1,0
R16_20,2,1,0
R16_25,2,1,0
R16_6,3,1,0
R16_8_15,1,1,0
R17_27,1,1,0
R17_4,1,1,0
R18_10_17,35,1,0
R18_25,43,1,0
R1_23,3,1,0
R1_25,2,1,0
R1_2_4,4,1,0
R20_22,53,1,0
R20_25,2,1,0
R21_26,1,1,0
R22_3,1,1,0
R23_21_22,1,1,0
R23_6,1,1,0
R24_12,1,1,0
R25_12,1,1,0
R26_17,0,1,0
R26_9,1,1,0
R27_15,1,1,0
R27_18,1,1,0
R27_28,1,1,0
R28_15,1,1,0
R29_20,1,1,0
R2_13,6,1,0
R2_19,1,1,0
R2_1_4,0,1,0
R30_1,0,1,0
R30_27_29,214,1,0
R30_3,1,1,0
R32_11_16_31,222,1,0
R33_4,1,1,0
R37_17,0,1,0
R3_28,10,1,0
R40_42,60,1,0
R41_48,0,1,0
R43_50,1,1,0
R48_47,3,1,0
R4_21,0,1,0
R4_3_27,217,1,0
R5_19,4,1,0
R5_20,1,1,0
R5_25,2,1,0
R5_26,1,1,0
R5_27,1,1,0
R5_28,9,1,0
R6_16,34,1,0
R6_19,4,1,0
R6_21,3,1,0
R6_3_4_5,1,1,0
R7_19,4,1,0
R7_26,0,1,0
R89_87,6,1,0
R8_15,1,1,0
R8_18,1,1,0
R8_22,55,1,0
R8_25,2,1,0
R90_89,0,1,0
R92_91,1,1,0
R9_19,4,1,0
R9_20,0,1,0
R9_6_8,86,1,0
R9_7,6,1,0
task_LTI2MzEyNTgxNDkwNTY5NjY0MzU=,40359,1,0
task_LTI2MzEyNTgxNDkwNTY5NjY0MzY=,40357,1,0
task_LTI2MzEyNTgxNDkwNTY5NjY0NDE=,40357,1,0
task_LTI2MzEyNTgxNDkwNTY5NjY0NDI=,40357,1,0
task_LTI2MzEyNTgxNDkwNTY5NjY0NDM=,40360,1,0
task_LTI2MzEyNTgxNDkwNTY5NjY0NDQ=,40359,1,0
task_LTI2MzEyNTgxNDkwNTY5NjY0NDU=,40359,1,0
task_LTI2MzEyNTgxNDkwNTY5NjY0NDY=,40360,1,0
task_LTI2MzEyNTgxNDkwNTY5NjY0NDc=,40357,1,0
task_LTI2MzEyNTgxNDkwNTY5NjY0NDg=,40359,1,0
task_LTI2MzEyNTgxNDkwNTc5NjY0Mzc=,40357,1,0
task_LTI2MzEyNTgxNDkwNTc5NjY0Mzg=,40357,1,0
task_LTI2MzEyNTgxNDkwNTc5NjY0NDE=,40359,1,0
task_LTI2MzEyNTgxNDkwNTc5NjY0NDI=,40360,1,0
task_LTI2MzEyNTgxNDkwNTc5NjY0NDM=,40360,1,0
task_LTI2MzEyNTgxNDkwNTc5NjY0NDQ=,40360,1,0
task_LTI2MzEyNTgxNDkwNTc5NjY0NDU=,40358,1,0
task_LTI2MzEyNTgxNDkwNTc5NjY0NDY=,40360,1,0
task_LTI2MzEyNTgxNDkwNTc5NjY0NDc=,40359,1,0
task_LTI2MzEyNTgxNDkwNTc5NjY0NDg=,40360,1,0
task_LTI2MzEyNTgxNDkwNTg5NjY0MzM=,40359,1,0
task_LTI2MzEyNTgxNDkwNTg5NjY0MzQ=,40359,1,0
task_LTI2MzEyNTgxNDkwNTg5NjY0MzU=,40359,1,0
task_LTI2MzEyNTgxNDkwNTg5NjY0MzY=,40359,1,0
task_LTI2MzEyNTgxNDkwNTg5NjY0Mzc=,40359,1,0
task_LTI2MzEyNTgxNDkwNTg5NjY0Mzg=,40359,1,0
task_LTI2MzEyNTgxNDkwNTg5NjY0Mzk=,40357,1,0
task_LTI2MzEyNTgxNDkwNTg5NjY0NDA=,40359,1,0
task_LTI2MzEyNTgxNDkwNTg5NjY0NDE=,40359,1,0
task_LTI2MzEyNTgxNDkwNTg5NjY0NDI=,40359,1,0
task_LTI2MzEyNTgxNDkwNjE5NjY0NTc=,40359,1,0
task_LTI2MzEyNTgxNDkwNjE5NjY0NTg=,40357,1,0
task_LTI2MzEyNTgxNDkwNjE5NjY0NTk=,40360,1,0
task_LTI2MzEyNTgxNDkwNjE5NjY0NjA=,40357,1,0
task_LTI2MzEyNTgxNDkwNjE5NjY0NjI=,40360,1,0
task_LTI2MzEyNTgxNDkwNjI5NjY0NTM=,40359,1,0
task_LTI2MzEyNTgxNDkwNjI5NjY0NTQ=,40359,1,0
task_LTI2MzEyNTgxNDkwNjI5NjY0NTc=,40359,1,0
task_LTI2MzEyNTgxNDkwNjI5NjY0NTg=,40359,1,0
task_LTI2MzEyNTgxNDkwNjI5NjY0NTk=,40359,1,0
task_LTI2MzEyNTgxNDkwNjI5NjY0NjA=,40359,1,0
task_LTI2MzEyNTgxNDkwNjI5NjY0NjE=,40357,1,0
task_LTI2MzEyNTgxNDkwNjI5NjY0NjI=,40359,1,0
task_LTI2MzEyNTgxNDkwNjI5NjY0NjM=,40359,1,0
task_LTI2MzEyNTgxNDkwNjI5NjY0NjQ=,40359,1,0
task_LTI2MzEyNTgxNDkwNjM5NjY0NTU=,40359,1,0
task_LTI2MzEyNTgxNDkwNjM5NjY0NTY=,40359,1,0
task_LTI2MzEyNTgxNDkwNjM5NjY0NTc=,40357,1,0
task_LTI2MzEyNTgxNDkwNjM5NjY0NTg=,40359,1,0
task_LTI2MzEyNTgxNDkwNjM5NjY0NTk=,40357,1,0
task_LTI2MzEyNTgxNDkwNjM5NjY0NjA=,40359,1,0
task_LTI2MzEyNTgxNDkwNjM5NjY0NjE=,40356,1,0
task_LTI2MzEyNTgxNDkwNjM5NjY0NjI=,40360,1,0
task_LTI2MzEyNTgxNDkwNjM5NjY0NjM=,40357,1,0
task_LTI2MzEyNTgxNDkwNjM5NjY0NjQ=,40357,1,0
task_LTM0NzgwODE5MjcyNTU1NzY2NzA=,60185,1,0
task_LTM2MzEyNTcxNDkwODQ5NjY0ODE=,45086,1,0
task_LTM2MzEyNTcxNDkwODQ5NjY0ODI=,45086,1,0
task_LTM2MzEyNTcxNDkwODQ5NjY0ODM=,45086,1,0
task_LTM2MzEyNTcxNDkwODQ5NjY0ODQ=,45086,1,0
task_LTM2MzEyNTcxNDkwODQ5NjY0ODc=,45086,1,0
task_LTM2MzEyNTcxNDkwODQ5NjY0ODg=,29085,1,0
task_LTM2MzEyNTcxNDkwODY5NjY1NjE=,45086,1,0
task_LTM2MzEyNTcxNDkwODY5NjY1NjI=,45084,1,0
task_LTM2MzEyNTcxNDkwODY5NjY1Njk=,45086,1,0
task_LTM2MzEyNTcxNDkwODY5NjY1NzA=,45086,1,0
task_LTM2MzEyNTcxNDkwODY5NjY1NzE=,45086,1,0
task_LTM2MzEyNTcxNDkwODY5NjY1NzI=,45086,1,0
task_LTM2MzEyNTcxNDkwODY5NjY1NzM=,45086,1,0
task_LTM2MzEyNTcxNDkwODY5NjY1NzQ=,45086,1,0
task_LTM2MzEyNTcxNDkwODY5NjY1NzU=,45086,1,0
task_LTM2MzEyNTcxNDkwODY5NjY1NzY=,45086,1,0
task_LTM2MzEyNTcxNDkwODc5NjY1NjM=,45086,1,0
task_LTM2MzEyNTcxNDkwODc5NjY1NjQ=,45086,1,0
task_LTM2MzEyNTcxNDkwODc5NjY1Njk=,45086,1,0
task_LTM2MzEyNTcxNDkwODc5NjY1NzA=,45086,1,0
task_LTM2MzEyNTcxNDkwODc5NjY1NzE=,45086,1,0
task_LTM2MzEyNTcxNDkwODc5NjY1NzI=,45086,1,0
task_LTM2MzEyNTcxNDkwODc5NjY1NzM=,45086,1,0
task_LTM2MzEyNTcxNDkwODc5NjY1NzQ=,45086,1,0
task_LTM2MzEyNTcxNDkwODc5NjY1NzU=,45086,1,0
task_LTM2MzEyNTcxNDkwODc5NjY1NzY=,45086,1,0
task_LTM2MzEyNTcxNDkwODg5NjY1Njc=,45086,1,0
task_LTM2MzEyNTcxNDkwODg5NjY1Njg=,45086,1,0
task_LTM2MzEyNTcxNDkwODg5NjY1Njk=,45086,1,0
task_LTM2MzEyNTcxNDkwODg5NjY1NzA=,45086,1,0
task_LTM2MzEyNTcxNDkwODg5NjY1NzE=,45086,1,0
task_LTM2MzEyNTcxNDkwODg5NjY1NzI=,45086,1,0
task_LTM2MzEyNTcxNDkwODg5NjY1NzM=,45085,1,0
task_LTM2MzEyNTcxNDkwODg5NjY1NzQ=,45086,1,0
task_LTM2MzEyNTcxNDkwODg5NjY1NzU=,45086,1,0
task_LTM2MzEyNTcxNDkwODg5NjY1NzY=,45086,1,0
task_LTM2MzEyNTcxNDkwODk5NjY1NjE=,45086,1,0
task_LTM2MzEyNTcxNDkwODk5NjY1NjI=,45086,1,0
task_LTM2MzEyNTcxNDkwODk5NjY1NjM=,45086,1,0
task_LTM2MzEyNTcxNDkwODk5NjY1NjQ=,15992,1,0
task_LTM2MzEyNTcxNDkwODk5NjY1NjU=,45086,1,0
task_LTM2MzEyNTcxNDkwODk5NjY1NjY=,45086,1,0
task_LTM2MzEyNTcxNDkwODk5NjY1Njc=,45086,1,0
task_LTM2MzEyNTcxNDkwODk5NjY1Njg=,45086,1,0
task_LTM2MzEyNTcxNDkwODk5NjY1Njk=,45086,1,0
task_LTM2MzEyNTcxNDkwODk5NjY1NzA=,45086,1,0
task_LTM2MzEyNTcxNDkwOTE5NjY1NjE=,45086,1,0
task_LTM2MzEyNTcxNDkwOTE5NjY1NjI=,45086,1,0
task_LTM2MzEyNTcxNDkwOTE5NjY1NjM=,45086,1,0
task_LTM2MzEyNTcxNDkwOTE5NjY1NjQ=,45086,1,0
task_LTM2MzEyNTcxNDkwOTE5NjY1NjU=,45086,1,0
task_LTM2MzEyNTcxNDkwOTE5NjY1NjY=,45086,1,0
task_LTM2MzEyNTcxNDkwOTE5NjY1Njc=,45086,1,0
task_LTM2MzEyNTcxNDkwOTE5NjY1Njg=,45086,1,0
task_LTM2MzEyNTcxNDkwOTE5NjY1NzU=,45086,1,0
task_LTM2MzEyNTcxNDkwOTE5NjY1NzY=,45086,1,0
task_LTQ4NzcwOTU4Mzc4NzQzNzk4NjM=,41762,1,0
task_LTQ4NzcwOTU4Mzc4NzQzNzk4NjQ=,41761,1,0
task_LTQ4NzcwOTU4Mzc4NzQzNzk4NjU=,41762,1,0
task_LTQ4NzcwOTU4Mzc4NzQzNzk4NjY=,41761,1,0
task_LTQ4NzcwOTU4Mzc4NzQzNzk4Njc=,41762,1,0
task_LTQ4NzcwOTU4Mzc4NzQzNzk4Njg=,41762,1,0
task_LTQ4NzcwOTU4Mzc4NzQzNzk4Njk=,41762,1,0
task_LTQ4NzcwOTU4Mzc4NzQzNzk4NzA=,41762,1,0
task_LTQ4NzcwOTU4Mzc4NzQzNzk4NzI=,41762,1,0
task_LTQ4NzcwOTY4Mzc4NzgzNzk4NTk=,50622,1,0
task_LTQ4NzcwOTY4Mzc4NzgzNzk4NjA=,50622,1,0
task_LTQ4NzcwOTY4Mzc4NzgzNzk4NjU=,50622,1,0
task_LTQ4NzcwOTY4Mzc4NzgzNzk4NjY=,50626,1,0
task_LTQ4NzcwOTY4Mzc4NzgzNzk4Njc=,50626,1,0
task_LTQ4NzcwOTY4Mzc4NzgzNzk4Njk=,50626,1,0
task_LTQ4NzcwOTY4Mzc4NzgzNzk4NzE=,50622,1,0
task_LTQ4NzcwOTY4Mzc4NzgzNzk4NzI=,50622,1,0
task_LTUzMDg5NjEyMDc5OTU0ODg5OTQ=,8399,1,0
task_LTUzMDg5NjEyMDc5OTU0ODg5OTU=,8398,1,0
task_LTUzMDg5NjEyMDc5OTU0ODg5OTY=,8399,1,0
task_LTUzMDg5NjEyMDc5OTU0ODg5OTc=,8399,1,0
task_LTUzMDg5NjEyMDc5OTU0ODg5OTg=,8399,1,0
task_LTUzMDg5NjEyMDc5OTU0ODg5OTk=,8398,1,0
task_LTUzMDg5NjEyMDc5OTU0ODkwMDE=,8399,1,0
task_LTUzMDg5NjEyMDc5OTU0ODkwMDI=,8392,1,0
task_LTc5OTY0MDIzOTAzMzExMTA0ODE=,40360,1,0
task_LTc5OTY0MDIzOTAzMzExMTA0ODI=,40360,1,0
task_LTc5OTY0MDIzOTAzMzExMTA0ODM=,40359,1,0
task_LTc5OTY0MDIzOTAzMzExMTA0ODQ=,40360,1,0
task_LTc5OTY0MDIzOTAzMzExMTA0ODY=,40359,1,0
task_LTc5OTY0MDIzOTAzMzExMTA0ODc=,40359,1,0
task_LTc5OTY0MDIzOTAzMzExMTA0ODg=,40359,1,0
task_LTc5OTY0MDIzOTAzMzExMTA0OTM=,40360,1,0
task_LTc5OTY0MDIzOTAzMzExMTA0OTQ=,40359,1,0
task_LTc5OTY0MDMzOTAzMjcxMTA1MTM=,45086,1,0
task_LTc5OTY0MDMzOTAzMjcxMTA1MTQ=,45086,1,0
task_LTc5OTY0MDMzOTAzMjcxMTA1MjE=,45086,1,0
task_LTc5OTY0MDMzOTAzMjcxMTA1MjM=,45086,1,0
task_LTc5OTY0MDMzOTAzMjcxMTA1MjQ=,45086,1,0
task_LTc5OTY0MDMzOTAzMjcxMTA1MjU=,45086,1,0
task_LTc5OTY0MDMzOTAzMjcxMTA1MjY=,45086,1,0
task_LTc5OTY0MDMzOTAzMjcxMTA1Mjc=,45086,1,0
task_LTc5OTY0MDMzOTAzMjcxMTA1Mjg=,45086,1,0
task_LTgyNDIyODU4MjI5ODg2ODI3MjU=,17730,1,0
task_LTgyNDIyODU4MjI5ODg2ODI3MjY=,17730,1,0
task_LTgyNDIyODU4MjI5ODg2ODI3Mjk=,17730,1,0
task_LTgyNDIyODU4MjI5ODg2ODI3MzA=,17730,1,0
task_LTgyNDIyODU4MjI5ODg2ODI3MzE=,17730,1,0
task_LTgyNDIyODU4MjI5ODg2ODI3MzI=,17730,1,0
task_LTgyNDIyODU4MjI5ODg2ODI3MzM=,17730,1,0
task_LTgyNDIyODU4MjI5ODg2ODI3MzQ=,17730,1,0
task_LTgyNDIyODU4MjI5ODg2ODI3MzU=,17730,1,0
task_LTgyNDIyODU4MjI5ODg2ODI3MzY=,17730,1,0
task_LTgyNDIyODU4MjI5ODk2ODI3MjE=,17730,1,0
task_LTgyNDIyODU4MjI5ODk2ODI3MjI=,17730,1,0
task_LTgyNDIyODU4MjI5ODk2ODI3MjM=,17731,1,0
task_LTgyNDIyODU4MjI5ODk2ODI3MjQ=,17730,1,0
task_LTgyNDIyODU4MjI5ODk2ODI3MjU=,17730,1,0
task_LTgyNDIyODU4MjI5ODk2ODI3MjY=,17730,1,0
task_MjA0NDk5ODc0NDc1NzAwMzc3Mw==,2620,1,0
task_MjYyNzIwNjA2MDU2MTg1NzA1Ng==,17730,1,0
task_MjYyNzIwNjA2MDU2MTg1NzA1Nw==,17730,1,0
task_MjYyNzIwNjA2MDU2MTg1NzA2NQ==,17730,1,0
task_MjYyNzIwNjA2MDU2MTg1NzA2Ng==,17731,1,0
task_MjYyNzIwNjA2MDU2MTg1NzA2Nw==,17730,1,0
task_MjYyNzIwNjA2MDU2MTg1NzA2OA==,17730,1,0
task_MjYyNzIwNjA2MDU2MTg1NzA2OQ==,17730,1,0
task_MjYyNzIwNjA2MDU2MTg1NzA3MA==,17730,1,0
task_MjYyNzIwNjA2MDU2MTg1NzA3MQ==,17730,1,0
task_Mjk0OTg0NjUyOTEwMjg1NjYx,88495,1,0
task_Mjk0OTg0NjUyOTEwMjg1NjYy,39457,1,0
task_MzU0Njc4NTA0MjM1MjU4NjA2NQ==,14,1,0
task_MzU0Njc4NTA0MjM1MjU4NjA3Mg==,21,1,0
task_MzU0Njc4NTA0MjM1MjU4NjA3Mw==,21,1,0
task_MzU0Njc4NTA0MjM1MjU4NjA3NA==,20,1,0
task_MzU0Njc4NTA0MjM1MjU4NjA3NQ==,21,1,0
task_MzU0Njc4NTA0MjM1MjU4NjA3Ng==,19,1,0
task_MzU0Njc4NTA0MjM1MjU4NjA3Nw==,16,1,0
task_MzU0Njc4NTA0MjM1MjU4NjA3OA==,19,1,0
task_MzU0Njc4NTA0MjM1MjU4NjA3OQ==,19,1,0
task_MzU0Njc4NTA0MjM2MDU4NjE0NA==,6573,1,0
task_MzU0Njc4NTA0MjM2MDU4NjE0NQ==,6569,1,0
task_MzU0Njc4NTA0MjM2MDU4NjE0Ng==,6570,1,0
task_MzU0Njc4NTA0MjM2MDU4NjE0Nw==,6571,1,0
task_MzU0Njc4NTA0MjM2MDU4NjE0OA==,6601,1,0
task_MzU0Njc4NTA0MjM2MDU4NjE0OQ==,6574,1,0
task_MzU0Njc4NTA0MjM2MDU4NjE1MA==,6568,1,0
task_MzU0Njc4NTA0MjM2MDU4NjE1MQ==,6567,1,0
task_MzU0Njc4NTA0MjM2MDU4NjE1Mg==,6545,1,0
task_MzU0Njc4NTA0MjM2MDU4NjE1Mw==,6576,1,0
task_MzU0Njc4NTA0MjM2MTU4NjE0NA==,6542,1,0
task_MzU0Njc4NTA0MjM2MTU4NjE0NQ==,6570,1,0
task_MzU0Njc4NTA0MjM2MTU4NjE0Ng==,6568,1,0
task_MzU0Njc4NTA0MjM2MTU4NjE0Nw==,6574,1,0
task_MzU0Njc4NTA0MjM2MTU4NjE0OA==,6567,1,0
task_MzU0Njc4NTA0MjM2MTU4NjE0OQ==,6570,1,0
task_MzU0Njc4NTA0MjM2MTU4NjE1MA==,6567,1,0
task_MzU0Njc4NTA0MjM2MTU4NjE1MQ==,6570,1,0
task_MzU0Njc4NTA0MjM2MTU4NjE1NA==,6575,1,0
task_MzU0Njc4NTA0MjM2MTU4NjE1NQ==,6567,1,0
task_MzU0Njc4NTA0MjM2MjU4NjE0NA==,6562,1,0
task_MzU0Njc4NTA0MjM2MjU4NjE0NQ==,6567,1,0
task_MzU0Njc4NTA0MjM2MjU4NjE0Ng==,6566,1,0
task_MzU0Njc4NTA0MjM2MjU4NjE0Nw==,6589,1,0
task_MzU0Njc4NTA0MjM2MjU4NjE0OA==,6574,1,0
task_MzU0Njc4NTA0MjM2MjU4NjE0OQ==,6589,1,0
task_MzU0Njc4NTA0MjM2MjU4NjE1MA==,6566,1,0
task_MzU0Njc4NTA0MjM2MjU4NjE1MQ==,6555,1,0
task_MzU0Njc4NTA0MjM2MjU4NjE1OA==,6566,1,0
task_MzU0Njc4NTA0MjM2MjU4NjE1OQ==,6560,1,0
task_MzU0Njc4NTA0MjM2MzU4NjE2MA==,6545,1,0
task_MzU0Njc4NTA0MjM2MzU4NjE2MQ==,6530,1,0
task_MzU0Njc4NTA0MjM2MzU4NjE2OA==,6559,1,0
task_MzU0Njc4NTA0MjM2MzU4NjE2OQ==,6531,1,0
task_MzU0Njc4NTA0MjM2MzU4NjE3MA==,6555,1,0
task_MzU0Njc4NTA0MjM2MzU4NjE3MQ==,6550,1,0
task_MzU0Njc4NTA0MjM2MzU4NjE3Mg==,6557,1,0
task_MzU0Njc4NTA0MjM2MzU4NjE3Mw==,6550,1,0
task_MzU0Njc4NTA0MjM2MzU4NjE3NA==,6550,1,0
task_MzU0Njc4NTA0MjM2MzU4NjE3NQ==,6550,1,0
task_MzU0Njc4NTA0MjM2NDU4NjE2NA==,26,1,0
task_MzU0Njc4NTA0MjM2NDU4NjE2NQ==,26,1,0
task_MzU0Njc4NTA0MjM2NDU4NjE2OA==,35,1,0
task_MzU0Njc4NTA0MjM2NDU4NjE2OQ==,42,1,0
task_MzU0Njc4NTA0MjM2NDU4NjE3MA==,22,1,0
task_MzU0Njc4NTA0MjM2NDU4NjE3MQ==,25,1,0
task_MzU0Njc4NTA0MjM2NDU4NjE3Mg==,43,1,0
task_MzU0Njc4NTA0MjM2NDU4NjE3Mw==,46,1,0
task_MzU0Njc4NTA0MjM2NDU4NjE3NA==,38,1,0
task_MzU0Njc4NTA0MjM2NDU4NjE3NQ==,38,1,0
task_MzU0Njc4NTA0MjM2NTU4NjE2Ng==,24,1,0
task_MzU0Njc4NTA0MjM2NTU4NjE2Nw==,20,1,0
task_MzU0Njc4NTA0MjM2NTU4NjE2OA==,24,1,0
task_MzU0Njc4NTA0MjM2NTU4NjE2OQ==,24,1,0
task_MzU0Njc4NTA0MjM2NTU4NjE3MA==,24,1,0
task_MzU0Njc4NTA0MjM2NTU4NjE3MQ==,25,1,0
task_MzU0Njc4NTA0MjM2NTU4NjE3Mg==,24,1,0
task_MzU0Njc4NTA0MjM2NTU4NjE3Mw==,24,1,0
task_MzU0Njc4NTA0MjM2NTU4NjE3NA==,23,1,0
task_MzU0Njc4NTA0MjM2NTU4NjE3NQ==,24,1,0
task_MzU0Njc4NTA0MjM2NjU4NjE2MA==,20,1,0
task_MzU0Njc4NTA0MjM2NjU4NjE2MQ==,20,1,0
task_MzU0Njc4NTA0MjM2NjU4NjE2Mg==,20,1,0
task_MzU0Njc4NTA0MjM2NjU4NjE2Mw==,24,1,0
task_MzU0Njc4NTA0MjM2NjU4NjE2NA==,23,1,0
task_MzU0Njc4NTA0MjM2NjU4NjE2NQ==,23,1,0
task_MzU0Njc4NTA0MjM2NjU4NjE2Ng==,23,1,0
task_MzU0Njc4NTA0MjM2NjU4NjE2Nw==,24,1,0
task_MzU0Njc4NTA0MjM2NjU4NjE3MA==,19,1,0
task_MzU0Njc4NTA0MjM2NjU4NjE3MQ==,23,1,0
task_MzU0Njc4NTA0MjM2NzU4NjE2MA==,19,1,0
task_MzU0Njc4NTA0MjM2NzU4NjE2MQ==,19,1,0
task_MzU0Njc4NTA0MjM2NzU4NjE2Mg==,17,1,0
task_MzU0Njc4NTA0MjM2NzU4NjE2Mw==,21,1,0
task_MzU0Njc4NTA0MjM2NzU4NjE2NA==,23,1,0
task_MzU0Njc4NTA0MjM2NzU4NjE2NQ==,22,1,0
task_MzU0Njc4NTA0MjM2NzU4NjE2Ng==,22,1,0
task_MzU0Njc4NTA0MjM2NzU4NjE2Nw==,22,1,0
task_MzU0Njc4NTA0MjM2NzU4NjE3Mg==,21,1,0
task_MzU0Njc4NTA0MjM2NzU4NjE3Mw==,21,1,0
task_MzY1MzM4ODU1NTA1OTk2NTgwOQ==,4,1,0
task_MzY1MzM4ODU1NTA1OTk2NTgxMA==,11721,1,0
task_MzcxNzczMzQyNzYwMTU3NzI3Mw==,467,1,0
task_NDc0OTczNTEwMTE1MTA2MzA4OA==,50622,1,0
task_NDc0OTczNTEwMTE1MTA2MzA4OQ==,50622,1,0
task_NDc0OTczNTEwMTE1MTA2MzA5Ng==,50622,1,0
task_NDc0OTczNTEwMTE1MTA2MzA5Nw==,50622,1,0
task_NDc0OTczNTEwMTE1MTA2MzA5OA==,50622,1,0
task_NDc0OTczNTEwMTE1MTA2MzA5OQ==,50622,1,0
task_NDc0OTczNTEwMTE1MTA2MzEwMA==,50622,1,0
task_NDc0OTczNTEwMTE1MTA2MzEwMQ==,50622,1,0
task_NDc0OTczNTEwMTE1MTA2MzEwMg==,50619,1,0
task_NDc0OTczNTEwMTE1MTA2MzEwMw==,50622,1,0
task_NDc0OTczNTEwMTE1MjA2MzA5MA==,50621,1,0
task_NDc0OTczNTEwMTE1MjA2MzA5MQ==,50622,1,0
task_NDc0OTczNTEwMTE1MjA2MzA5Ng==,50622,1,0
task_NDc0OTczNTEwMTE1MjA2MzA5Nw==,50622,1,0
task_NDc0OTczNTEwMTE1MjA2MzA5OA==,50622,1,0
task_NDc0OTczNTEwMTE1MjA2MzA5OQ==,50622,1,0
task_NDc0OTczNTEwMTE1MjA2MzEwMA==,50622,1,0
task_NDc0OTczNTEwMTE1MjA2MzEwMQ==,50621,1,0
task_NDc0OTczNTEwMTE1MjA2MzEwMg==,50622,1,0
task_NDc0OTczNTEwMTE1MjA2MzEwMw==,50622,1,0
task_NDc0OTczNTEwMTE1MzA2MzA5NA==,50622,1,0
task_NDc0OTczNTEwMTE1MzA2MzA5NQ==,50619,1,0
task_NDc0OTczNTEwMTE1MzA2MzA5Ng==,50622,1,0
task_NDc0OTczNTEwMTE1MzA2MzA5Nw==,50622,1,0
task_NDc0OTczNTEwMTE1MzA2MzA5OA==,50622,1,0
task_NDc0OTczNTEwMTE1MzA2MzA5OQ==,50620,1,0
task_NDc0OTczNTEwMTE1MzA2MzEwMA==,50622,1,0
task_NDc0OTczNTEwMTE1MzA2MzEwMQ==,50622,1,0
task_NDc0OTczNTEwMTE1MzA2MzEwMg==,50622,1,0
task_NDc0OTczNTEwMTE1MzA2MzEwMw==,50619,1,0
task_NDc0OTczNTEwMTE1NjA2MzA5MA==,50613,1,0
task_NDc0OTczNTEwMTE1NjA2MzA5MQ==,50622,1,0
task_NDc0OTczNTEwMTE1NjA2MzA5Mg==,50619,1,0
task_NDc0OTczNTEwMTE1NjA2MzA5Mw==,50622,1,0
task_NDc0OTczNTEwMTE1NjA2MzA5NA==,50620,1,0
task_NDc0OTczNTEwMTE1NjA2MzA5NQ==,50622,1,0
task_NDc0OTczNTEwMTE1NzA2MzA0Mg==,50622,1,0
task_NDc0OTczNTEwMTE1NzA2MzA0Mw==,50622,1,0
task_NDc0OTczNTEwMTE1NzA2MzA0OA==,50622,1,0
task_NDc0OTczNTEwMTE1NzA2MzA0OQ==,50622,1,0
task_NDc0OTczNTEwMTE1NzA2MzA1MA==,50622,1,0
task_NDc0OTczNTEwMTE1NzA2MzA1MQ==,50622,1,0
task_NDc0OTczNTEwMTE1NzA2MzA1Mg==,50622,1,0
task_NDc0OTczNTEwMTE1NzA2MzA1Mw==,50622,1,0
task_NDc0OTczNTEwMTE1NzA2MzA1NA==,50622,1,0
task_NDc0OTczNTEwMTE1NzA2MzA1NQ==,50622,1,0
task_NDc0OTczNTEwMTE1ODA2MzA0NA==,50622,1,0
task_NDc0OTczNTEwMTE1ODA2MzA0NQ==,50622,1,0
task_NDc0OTczNTEwMTE1ODA2MzA0OA==,50622,1,0
task_NDc0OTczNTEwMTE1ODA2MzA0OQ==,50622,1,0
task_NDc0OTczNTEwMTE1ODA2MzA1MA==,50622,1,0
task_NDc0OTczNTEwMTE1ODA2MzA1MQ==,50622,1,0
task_NDc0OTczNTEwMTE1ODA2MzA1Mg==,50622,1,0
task_NDc0OTczNTEwMTE1ODA2MzA1Mw==,50622,1,0
task_NDc0OTczNTEwMTE1ODA2MzA1NA==,50622,1,0
task_NDc0OTczNTEwMTE1ODA2MzA1NQ==,50620,1,0
task_NTc0OTc0MjEwMTE2MzA2MzA5Ng==,41761,1,0
task_NTc0OTc0MjEwMTE2MzA2MzA5Nw==,41762,1,0
task_NTc0OTc0MjEwMTE2MzA2MzA5OA==,41761,1,0
task_NTc0OTc0MjEwMTE2MzA2MzA5OQ==,41762,1,0
task_NTc0OTc0MjEwMTE2MzA2MzEwMA==,41762,1,0
task_NTc0OTc0MjEwMTE2NTA2MzA5NA==,41762,1,0
task_NTc0OTc0MjEwMTE2NTA2MzA5NQ==,41762,1,0
task_NTc0OTc0MjEwMTE2NTA2MzA5Ng==,41761,1,0
task_NTc0OTc0MjEwMTE2NTA2MzA5Nw==,41760,1,0
task_NTc0OTc0MjEwMTE2NTA2MzA5OA==,41761,1,0
task_NTc0OTc0MjEwMTE2NTA2MzA5OQ==,41761,1,0
task_NTc0OTc0MjEwMTE2NTA2MzEwMA==,41761,1,0
task_NTc0OTc0MjEwMTE2NTA2MzEwMQ==,41762,1,0
task_NTc0OTc0MjEwMTE2NTA2MzEwMg==,41762,1,0
task_NTc0OTc0MjEwMTE2NTA2MzEwMw==,41762,1,0
task_NTc0OTc0MjEwMTE2NjA2MzA4OA==,41762,1,0
task_NTc0OTc0MjEwMTE2NjA2MzA4OQ==,41762,1,0
task_NTc0OTc0MjEwMTE2NjA2MzA5MA==,41762,1,0
task_NTc0OTc0MjEwMTE2NjA2MzA5MQ==,41762,1,0
task_NTc0OTc0MjEwMTE2NjA2MzA5Mg==,41762,1,0
task_NTc0OTc0MjEwMTE2NjA2MzA5Mw==,41761,1,0
task_NTc0OTc0MjEwMTE2NjA2MzA5NA==,41760,1,0
task_NTc0OTc0MjEwMTE2NjA2MzA5NQ==,41762,1,0
task_NTc0OTc0MjEwMTE2NjA2MzA5Ng==,41760,1,0
task_NTc0OTc0MjEwMTE2NjA2MzA5Nw==,41761,1,0
task_NTc0OTc0MjEwMTE2NzA2MzA4OA==,41761,1,0
task_NTc0OTc0MjEwMTE2NzA2MzA4OQ==,41762,1,0
task_NTc0OTc0MjEwMTE2NzA2MzA5MA==,41762,1,0
task_NTc0OTc0MjEwMTE2NzA2MzA5MQ==,41762,1,0
task_NTc0OTc0MjEwMTE2NzA2MzA5Mg==,41761,1,0
task_NTc0OTc0MjEwMTE2NzA2MzA5Mw==,41761,1,0
task_NTc0OTc0MjEwMTE2NzA2MzA5NA==,41761,1,0
task_NTc0OTc0MjEwMTE2NzA2MzA5NQ==,41761,1,0
task_NTc0OTc0MjEwMTE2NzA2MzEwMA==,41761,1,0
task_NTc0OTc0MjEwMTE2NzA2MzEwMQ==,41762,1,0
task_NTc0OTc0MjEwMTE2ODA2MzA4OA==,41762,1,0
task_NTc0OTc0MjEwMTE2ODA2MzA4OQ==,41762,1,0
task_NTc0OTc0MjEwMTE2ODA2MzA5MA==,41761,1,0
task_NTc0OTc0MjEwMTE2ODA2MzA5MQ==,41761,1,0
task_NTc0OTc0MjEwMTE2ODA2MzA5Mg==,41761,1,0
task_NTc0OTc0MjEwMTE2ODA2MzA5Mw==,41762,1,0
task_NTc0OTc0MjEwMTE2ODA2MzA5NA==,41762,1,0
task_NTc0OTc0MjEwMTE2ODA2MzA5NQ==,41762,1,0
task_NTc0OTc0MjEwMTE2ODA2MzEwMg==,41761,1,0
task_NTc0OTc0MjEwMTE2ODA2MzEwMw==,41761,1,0
task_NTc0OTc0MjEwMTE3MDA2MzA0NA==,41761,1,0
task_NTc0OTc0MjEwMTE3MDA2MzA0NQ==,41761,1,0
task_NTc0OTc0MjEwMTE3MDA2MzA0OA==,41761,1,0
task_NTc0OTc0MjEwMTE3MDA2MzA0OQ==,41762,1,0
task_NTc0OTc0MjEwMTE3MDA2MzA1MA==,41762,1,0
task_NTc0OTc0MjEwMTE3MDA2MzA1MQ==,41762,1,0
task_NTc0OTc0MjEwMTE3MDA2MzA1Mg==,41761,1,0
task_NTc0OTc0MjEwMTE3MDA2MzA1Mw==,41761,1,0
task_NTc0OTc0MjEwMTE3MDA2MzA1NA==,41762,1,0
task_NTc0OTc0MjEwMTE3MDA2MzA1NQ==,41760,1,0
task_NTk4MTM3OTI2MjA0MTcyNTc4MA==,6587,1,0
task_NTk4MTM3OTI2MjA0MTcyNTc4MQ==,6591,1,0
task_NTk4MTM3OTI2MjA0MTcyNTc4Ng==,6587,1,0
task_NTk4MTM3OTI2MjA0MTcyNTc4Nw==,6582,1,0
task_NTk4MTM3OTI2MjAyNzcyNTgwOA==,6577,1,0
task_NTk4MTM3OTI2MjAyNzcyNTgwOQ==,6572,1,0
task_NTk4MTM3OTI2MjAyNzcyNTgxNg==,6578,1,0
task_NTk4MTM3OTI2MjAyNzcyNTgxNw==,6582,1,0
task_NTk4MTM3OTI2MjAyNzcyNTgxOA==,6550,1,0
task_NTk4MTM3OTI2MjAyNzcyNTgxOQ==,6551,1,0
task_NTk4MTM3OTI2MjAyNzcyNTgyMA==,6578,1,0
task_NTk4MTM3OTI2MjAyNzcyNTgyMQ==,6548,1,0
task_NTk4MTM3OTI2MjAyNzcyNTgyMg==,6586,1,0
task_NTk4MTM3OTI2MjAyNzcyNTgyMw==,6575,1,0
task_NTk4MTM3OTI2MjAyODcyNTgxMA==,6602,1,0
task_NTk4MTM3OTI2MjAyODcyNTgxMQ==,6574,1,0
task_NTk4MTM3OTI2MjAyODcyNTgxNg==,6578,1,0
task_NTk4MTM3OTI2MjAyODcyNTgxNw==,6582,1,0
task_NTk4MTM3OTI2MjAyODcyNTgxOA==,6577,1,0
task_NTk4MTM3OTI2MjAyODcyNTgxOQ==,6581,1,0
task_NTk4MTM3OTI2MjAyODcyNTgyMA==,6575,1,0
task_NTk4MTM3OTI2MjAyODcyNTgyMQ==,6577,1,0
task_NTk4MTM3OTI2MjAyODcyNTgyMg==,6577,1,0
task_NTk4MTM3OTI2MjAyODcyNTgyMw==,6586,1,0
task_ODYxMjMxNDk1MDc1MjA1MzYzNw==,224786,1,0
task_ODYxMjMxNDk1MDc1MjA1MzYzOA==,219428,1,0
task_ODYxMjMxNDk1MDc1MjA1MzYzOQ==,178841,1,0
task_ODk4MTQyMDI2MjIwMDcyNTk4Mg==,4,1,0
J10_2_4_5_6_9,382,2,0
J10_2_5,9,2,0
J11_10,8,2,1
J11_1_3_10,8,2,0
J11_2_4_6_8_10,2,2,0
J11_2_5_10,98,2,1
J11_3_4_5_6_10,27,2,0
J11_4_7_10,180,2,0
J11_4_7_8_10,106,2,0
J12_2_4_6_10_11,12,2,0
J12_2_8_9_11,84,2,0
J12_3_4_5_6,10,2,1
J12_3_5_7_10_11,22,2,0
J12_6_13_18,20,2,0
J13_1_10_12,41,2,0
J13_1_3_11_12,54,2,1
J13_4_6_8_10_11_12,26,2,1
J13_6_8_10_12,1,2,1
J13_7_8_9,2,2,0
J14_1_2_3_4_6_7_8_9_11_12_13,7,2,0
J14_2_9_11_13,8,2,1
J14_4_5_13,73,2,0
J15_2_3_4_8_14,243,2,0
J15_4_8_10_14,180,2,0
J15_4_8_14,647,2,0
J15_7_10_14,5,2,0
J16_2_11_13_15,2,2,0
J16_3_4_11_15,12,2,0
J16_4,16,2,0
J17_12_13_16,16,2,0
J17_2_3_16,37,2,0
J17_2_3_7_16,5,2,0
J17_4_8_12_16,2,2,0
J17_7_8_9,2,2,0
J17_8_10_16,5,2,0
J18_10_11_17,24,2,0
J18_11_13_15_17,3,2,1
J18_2_4_6_11_17,6,2,0
J18_3_17_20_26,50,2,0
J18_7_9_17,4,2,0
J19_18_22,2,2,0
J19_2_5_18,4,2,0
J1_11,27,2,0
J1_2,10,2,0
J1_3_27_30,1,2,1
J20_14_19,37,2,0
J21_17_18_20,3,2,1
J21_3_5_8_20,58,2,1
J21_7_9_12_14_16_18_20,2,2,0
J22_5_21,3,2,1
J25_3_8_11_16_19_24,513,2,0
J26_15_25,1,2,1
J27_10_13_26,2,2,0
J27_32_34,0,2,0
J27_3_6_11_16_17_19_24_26,4,2,0
J28_27_30_31_33_38,1,2,1
J29_31_33_34_38,2,2,0
J29_3_8_11_16_21_28,676,2,0
J2_3_34,1,2,1
J32_18_31,16,2,0
J33_21_32,13,2,0
J35_11_34,14,2,0
J36_10_35,22,2,0
J3_10,6,2,0
J3_5,2,2,0
J3_5_6,19,2,0
J40_9_24_25_27_29_32_33_37_39,6,2,1
J41_8_40,2,2,0
J45_67_69,74,2,0
J4_2_3_8,114,2,0
J4_3_11_13,14,2,1
J4_3_34_35,29,2,0
J51_4_17_30_49_50_83,8,2,0
J54_4_17_31_53_75,6,2,0
J55_54_77,2,2,0
J5_1_4_9,349,2,0
J5_3_4_11,3,2,1
J5_3_4_7_9,5,2,0
J5_3_4_9,4,2,0
J68_67_69,77,2,0
J6_1_2_3_4,3,2,1
J6_2_3,2,2,0
J6_5_10,2,2,0
J8_10,16,2,0
J8_3_4_5,43,2,0
J8_5_6_7_13_18,52,2,0
J9_11,24,2,0
J9_2_3_5_6_8,112,2,0
J9_2_5_6_8,13,2,1
J9_3_4_5_6_8,6,2,1
J9_8_11,23,2,0
M1_11_13,7,2,0
M1_4,1,2,1
M1_5_7,6,2,1
M2_11_13,7,2,0
M2_1_4_5,4,2,0
M2_4,2,2,0
M2_5_7,6,2,1
M41,12,2,0
M4_7,10,2,0
M5_1,2,2,0
M5_7,8,2,0
M63,7,2,0
M67,4,2,0
M74,9,2,1
M75,3,2,1
R10_1_2,1,2,1
R10_1_2_4_7_9,2,2,0
R10_1_2_9,205,2,1
R10_20,9,2,0
R10_4_5_9,9,2,0
R10_5_9,1,2,1
R11_20,8,2,1
R11_25,0,2,0
R11_52,1,2,1
R11_8,2,2,0
R11_8_10,11,2,1
R11_9,1,2,1
R11_9_10,4,2,0
R12_17,7,2,0
R12_18,2,2,0
R12_24,2,2,0
R12_3,2,2,0
R12_3_4,2,2,0
R12_4,1,2,1
R13_1,6,2,0
R13_17,5,2,0
R13_19,64,2,1
R13_52,2,2,0
R13_7_12,3,2,1
R14_25,1,2,1
R14_26,2,2,0
R14_5_6,3,2,1
R14_5_6_13,349,2,0
R14_9,1,2,1
R14_9_10_11_12_13,94,2,0
R15_1,4,2,0
R15_13_14,26,2,0
R15_17,2,2,0
R15_18,1,2,1
R15_1_2_3_6_7_9_10_12_14_51,205,2,1
R15_1_2_4_5_6_7_8_9_10_14,191,2,0
R16_11_15,2,2,0
R16_14_15,11,2,0
R16_7_8,18,2,0
R17_11,2,2,0
R17_52,2,2,0
R18_1,1,2,1
R18_15,10,2,0
R18_4,0,2,0
R19_1,0,2,0
R19_15,3,2,1
R19_24,1,2,1
R1_14,2,2,0
R20_1,3,2,1
R21_1,2,2,0
R21_22,1,2,1
R21_35,6,2,1
R22_11_14_17_21,1,2,1
R24_1,1,2,1
R24_3,1,2,1
R26_14,2,2,0
R26_16_19_20_22_23_24_25_51,220,2,1
R28_14,1,2,1
R28_3,1,2,1
R2_1_9,3,2,1
R30_52,1,2,1
R31_35,4,2,0
R31_52,1,2,1
R34_38,3,2,1
R36_38,5,2,0
R39_72,1,2,1
R3_18,48,2,0
R3_2_6,1,2,1
R3_30,0,2,0
R40_75,1,2,1
R42_35,4,2,0
R43_27_28_29_33_34_36_37_38_42_51,203,2,1
R43_35,4,2,0
R44_38,3,2,1
R44_75,1,2,1
R45_38,4,2,0
R46_35,4,2,0
R47_64,1,2,1
R48_38,4,2,0
R49_52,0,2,0
R4_15,3,2,1
R4_25,1,2,1
R4_52,0,2,0
R50_75,3,2,1
R53_52,2,2,0
R56_55,2,2,0
R57_74,1,2,1
R58_77,2,2,0
R59_77,2,2,0
R5_22,2,2,1
R5_3,201,2,0
R60_59,2,2,0
R62_75,1,2,1
R6_17,9,2,0
R6_25,2,2,0
R76_75,1,2,1
R78_77,3,2,1
R79_46_48_51_56_58_60_61_71_78,225,2,1
R7_1_2_3_5_6,7,2,0
R7_3_4_5_6,8,2,0
R80_15_26_43_79,85,2,1
R82_75,2,2,0
R8_17,1,2,1
R8_1_2_3_4_5_7,80,2,0
R8_1_3_7,1,2,1
R8_2,1,2,1
R8_2_4_7,282,2,0
R8_5_6_7,18,2,0
R9_4_5_7_8,2,2,0
R9_4_5_8,26,2,0
R9_4_8,2,2,0
R9_5_8,2,2,0
task_LTk0OTU5OTIzMTE3NTIwNDA1MA==,13,2,0
J102_7_101,55,3,1
J106_7_105,55,3,0
J10_1_2_3_6_8_9,34,3,0
J10_1_3_4_9,28,3,0
J110_7_109,56,3,0
J114_7_113,55,3,0
J118_7_117,57,3,1
J11_1_6_7_9_10,3,3,0
J11_2_4_6_10,459,3,0
J11_6_8_10,119,3,2
J122_7_121,55,3,0
J126_7_125,55,3,0
J12_1_3_11,11,3,0
J130_7_129,60,3,0
J13_2_5_7_12,75,3,0
J13_3_12,484,3,0
J13_5_7_12,254,3,0
J14_1_6_7_12_13,19,3,1
J14_3_6_8_13,58,3,0
J16_14_15_18,9,3,1
J16_2_3_4_15,71,3,1
J16_7_15,63,3,1
J17_16_21,250,3,0
J17_1_6_7_15_16,4,3,1
J17_6_16,464,3,0
J17_9_13_16,484,3,0
J19_7_10_18,668,3,0
J1_8_9,9,3,0
J20_15_18_19,21,3,0
J20_1_2_3_4_5_19,751,3,0
J20_2_12_17_18_19,347,3,0
J20_7_19,55,3,1
J22_5_20_21,204,3,0
J22_6_21,135,3,0
J22_6_9_10_21,56,3,1
J25_6_24,322,3,0
J28_7_27,62,3,0
J2_1_18,325,3,0
J2_1_9_10,7,3,1
J32_7_31,60,3,0
J36_7_35,61,3,0
J3_1_6_9,100,3,0
J40_7_39,63,3,0
J43_41_42,59,3,0
J44_4_5_7_43,205,3,1
J44_7_43,62,3,0
J45_3_44,58,3,0
J46_2_45,121,3,1
J47_4_35_36_46,178,3,0
J48_2_47,100,3,0
J49_7_47,58,3,0
J54_7_52,63,3,0
J58_7_57,53,3,0
J62_7_61,53,3,0
J66_7_65,53,3,0
J6_3_5_7,15,3,0
J6_5_10_12,216,3,1
J74_7_73,56,3,0
J78_7_77,66,3,1
J7_1_6_11_13_15,17,3,0
J82_7_81,66,3,1
J86_7_85,65,3,1
J90_7_89,65,3,1
J94_7_93,64,3,0
J98_7_97,53,3,0
J9_4_7_8,18,3,1
M13_6_12,10,3,0
M16_4_12_15,46,3,1
M17_14_16,69,3,1
M33_27_29,5,3,1
M39_38,21,3,1
M4_3_7,6,3,0
M6_13,15,3,1
M6_1_5,3,3,0
M7_3,8,3,0
M9_2_4_8,10,3,1
M9_5_8,11,3,0
R101_100,4,3,1
R103_102,9,3,1
R105_104,4,3,1
R107_106,16,3,1
R109_108,4,3,1
R10_1_2_3_4_5_6_7_8_9,149,3,0
R10_2_4_9,21,3,0
R10_39,3,3,1
R10_4,3,3,0
R111_110,10,3,0
R113_112,3,3,0
R115_114,12,3,1
R117_116,5,3,0
R119_118,11,3,0
R11_2_9_10,1,3,1
R121_120,5,3,0
R123_122,10,3,1
R125_124,6,3,1
R127_126,12,3,0
R129_128,5,3,0
R12_2,2,3,2
R12_33_34,2,3,2
R12_7,2,3,2
R131_130,12,3,1
R13_22,7,3,1
R13_3_7_8_9_10_11_12,159,3,0
R14_1_3_5_8_13,13,3,0
R14_7,2,3,2
R15_19,7,3,1
R15_2,3,3,0
R15_4,126,3,0
R16_7,2,3,2
R17_15_16,1,3,1
R17_18,3,3,0
R17_7,1,3,1
R1_12,3,3,0
R21_6_8_13_20,285,3,1
R24_40,1,3,1
R25_3,3,3,0
R2_21,3,3,0
R2_25,199,3,1
R33_35,5,3,0
R34_14,0,3,0
R37_40,2,3,2
R3_39,11,3,1
R48_5,6,3,1
R52_51,4,3,1
R53_3,7,3,1
R55_54,14,3,1
R57_56,4,3,1
R59_58,13,3,1
R5_1_2_4,3,3,0
R61_60,3,3,0
R63_62,13,3,1
R67_66,11,3,0
R69_68,5,3,0
R6_14,5,3,0
R6_1_4_5,7,3,1
R6_34,2,3,2
R6_3_5,2,3,2
R75_74,12,3,1
R77_76,5,3,1
R79_78,12,3,1
R7_18,5,3,0
R85_84,4,3,1
R87_41,12,3,0
R88_41,9,3,0
R89_88,8,3,1
R8_16,3,3,0
R8_38,1,3,1
R91_90,9,3,0
R93_92,5,3,0
R97_96,4,3,1
R99_98,9,3,1
R9_5_7,3,3,0
J11_10_18,36,4,0
J11_1_5_7_10,21,4,0
J12_1_2_3_10_11,74,4,0
J12_2_5_8_11,3,4,3
J13_10_11_12,16,4,1
J13_22_23,57,4,0
J13_23_24,57,4,0
J13_4_8_12,429,4,0
J13_6_12,47,4,1
J14_13_21_25,147,4,1
J14_13_22_25,117,4,0
J14_13_24,43,4,1
J15_7_8_9_11_12_13_14_19,322,4,0
J16_6_8_13_15_18,158,4,0
J17_11_14_16,142,4,1
J17_12_16,102,4,1
J17_23_24,139,4,0
J17_2_4_8_10_14_16,7,4,0
J18_11_12_16_17,86,4,0
J19_11_12_16_18,95,4,0
J20_8_19,22,4,1
J21_2_4_10_14_16_20,4,4,0
J25_14_16_24,149,4,3
J26_11_25,177,4,2
J34_1_5_7_9_10_18_30_33,119,4,0
J34_1_5_7_9_10_19_30_33,114,4,0
J34_20_33,27,4,0
J3_1_2_12,341,4,0
J42_5_12_41,22,4,0
J43_3_42,62,4,1
J5_2_3,40,4,1
J5_2_6,917,4,0
J6_12_15,54,4,1
J6_3_4,21,4,2
J6_4,21,4,1
J7_1_5_6,30,4,1
J7_2_5,24,4,2
J7_8_10_12_15,4,4,0
J8_1_2_3_6_7,8,4,1
J8_6_7_18,166,4,0
M13_3,41,4,0
M15_13,4,4,0
M1_4_7,4,4,0
M1_6,148,4,1
M43,4,4,0
M44,13,4,1
M52,22,4,1
M6_3,42,4,0
M7_9,5,4,1
R10_4_9,1486,4,3
R10_8,9,4,3
R11_2_3_5_10,351,4,1
R11_43,3,4,3
R12_45,44,4,1
R13_2,2,4,2
R13_8,0,4,0
R13_8_10_12,520,4,1
R14_1,13,4,1
R15_43,2,4,2
R16_1,12,4,1
R16_45,32,4,0
R17_29,59,4,0
R17_38,2,4,2
R17_9_11_15_16,26,4,1
R18_29,54,4,0
R18_8_14_17,99,4,0
R19_20,4,4,1
R19_43,3,4,3
R1_15,2,4,2
R20_11,6,4,2
R20_37,4,4,0
R20_45,38,4,0
R21_17_18_20,39,4,3
R23_43,4,4,0
R24_45,34,4,0
R26_38,3,4,3
R27_25_26,3,4,3
R29_20_23_28,171,4,1
R2_43,4,4,0
R31_43,3,4,3
R32_10_31,43,4,2
R32_45,38,4,0
R35_43,4,4,0
R36_45,32,4,0
R42_43,3,4,3
R44_43,4,4,0
R46_45,37,4,0
R48_70,10,4,0
R4_14,182,4,2
R4_19,66,4,1
R5_38,3,4,3
R61_70,16,4,1
R6_11,3,4,3
R6_43,4,4,0
R7_43,2,4,2
R87_86,12,4,1
R8_4,3,4,3
R95_94,16,4,1
R9_3_8,147,4,0
J10_2_5_7_9,80,5,0
J11_3_5_8_9_10,295,5,0
J12_11,20,5,1
J12_3_6_7_9_11,58,5,0
J12_5_9_10_11,7,5,2
J13_2_3_4_12,330,5,0
J15_14_24,175,5,0
J15_8_9_12_13_14,17,5,0
J16_11_15,39318,5,1
J18_12_17,12,5,2
J19_10_18,32,5,2
J20_19_24,38,5,1
J20_19_31,179,5,1
J23_12_14_16_22,292,5,2
J24_2_4_5_9_23,614,5,0
J28_6_27,205,5,0
J36_18_35,51,5,1
J37_18_36,39,5,0
J41_22_40,73,5,1
J5_3,27,5,1
J6_5_16,114,5,0
J7_16,123,5,0
J9_8_21,442,5,0
M11_2_4_7_10,26,5,1
M16_4_6_12_15,80,5,1
M9_1_4_6_8,33,5,3
R10_3_8_9,5,5,0
R12_14,6,5,2
R12_19,27,5,0
R14_4,11,5,2
R16_4,5,5,0
R17_6,40,5,0
R18_19,43,5,3
R22_19_21,223,5,2
R27_6_8_26,28,5,1
R37_36,12,5,2
R65_64,5,5,0
R6_26,13,5,0
R6_4,8,5,2
R73_72,6,5,1
R81_80,6,5,1
R83_82,11,5,3
R9_2_4_5_6_8,15,5,0
R9_6,672,5,3
J10_16_24,543,6,0
J11_2_10_14,561,6,0
J13_7_16_24,561,6,0
J14_10_13,14,6,1
J16_5_15,59,6,4
J19_1_2_3_6_7_8_9_18,133,6,0
J1_6_10,271,6,1
J1_7_16,552,6,0
J20_19_23,7,6,1
J21_18_20,6,6,0
J21_2_20,147,6,0
J25_14_24,6,6,0
J25_7_16_24,561,6,0
J26_10_13_25,6,6,1
J2_7_16,552,6,0
J39_31_33_34_35_38,49,6,0
J3_5_12,138,6,1
J3_5_8,118,6,0
J40_23_26_28_29_39,376,6,0
J4_3_8,162,6,3
J5_1_2_3_4_7,143,6,0
J6_2_5_11,198,6,0
J7_1_2_4_6_26,353,6,0
J7_3_5_6_11,79,6,1
J8_16_24,543,6,0
J9_11_17,98,6,1
J9_1_8_14,561,6,0
M10_11_13,25,6,2
M11_3_6_9,48,6,2
M12_6_11,18,6,0
M13_8_12,13,6,1
M14_11_13,35,6,2
M20_14_16_19,143,6,3
M25_18_21_24,6,6,0
M27_21_23_26,67,6,4
M3_5_7,24,6,3
M4_3_6,30,6,0
M5_11_13,36,6,1
M6_11_13,23,6,1
M6_9_12,15,6,0
M7_11_13,187,6,2
M8_11_13,20,6,0
M8_3_7,9,6,3
M9_11_13,28,6,2
M9_8_13,93,6,1
R10_41,22,6,0
R10_5,8,6,2
R11_12,6,6,1
R11_4,9,6,3
R12_41,21,6,0
R12_8,123,6,0
R12_9_11_13,561,6,0
R14_41,21,6,0
R16_41,21,6,0
R17_1,318,6,3
R1_41,22,6,1
R20_41,20,6,1
R22_9,7,6,1
R23_41,26,6,0
R25_41,24,6,2
R26_27,23,6,2
R26_3_12_15_25,561,6,0
R27_41,23,6,2
R28_41,20,6,0
R29_41,20,6,1
R2_24,4,6,4
R2_41,20,6,0
R34_41,20,6,0
R35_41,23,6,0
R37_41,21,6,1
R38_41,20,6,0
R3_24,8,6,2
R3_41,24,6,1
R3_9_11_13,561,6,0
R46_41,22,6,1
R4_12,2,6,2
R4_24,2,6,2
R5_24,8,6,2
R6_8_9,9,6,3
R7_15,46,6,0
R7_24,8,6,2
R7_41,22,6,1
R85_41,20,6,0
R88_32_41_51_87,190,6,0
R89_32_41_51_88,153,6,2
R8_41,20,6,0
R90_18_41_51_89,139,6,0
R91_18_41_51_89,74,6,0
R9_24,8,6,2
R9_5_6_7_8,11,6,2
task_MjM3OTM2ODUzOTE1OTkxMjQ5Mg==,156,6,2
J10_2_4_7_9,14,7,0
J11_1_5_10,305,7,2
J11_2_3_5_7_8_10,56,7,0
J11_3_5_7_8_9_10,15,7,1
J12_18_23,326,7,0
J12_3_5_6_11,339,7,0
J13_12_15,427,7,3
J13_7_8_10_12,23,7,2
J14_5_7_10_11_12_13,411,7,0
J15_1_5_14,35,7,2
J15_2_6_7_9_12_14,7,7,0
J16_15_22,242,7,0
J18_10_11_12_17,184,7,0
J18_13_17,511,7,2
J1_6_8,21,7,1
J20_3_19,550,7,0
J23_5_22,103,7,3
J31_10_30,75,7,0
J9_1_2_3_6_8,147,7,0
M16_2_4_6_8_10_12_15,774,7,2
M4_3_6_9_12_14_17,40,7,1
R10_2_9,56,7,0
R10_3_4_9,62,7,1
R11_1,37,7,3
R12_1_2_4_5_7_9_11,28,7,0
R13_4,4,7,4
R14_18,21,7,0
R16_19,106,7,0
R17_32,35,7,0
R24_41,25,7,1
R26_30,28,7,0
R28_32,35,7,0
R30_34,9,7,2
R31_34,8,7,1
R50_49,39,7,1
R5_18,22,7,1
R71_70,19,7,1
R8_1_2_7,2224,7,1
R9_13,32,7,1
R9_18,62,7,2
R9_2_3_8,51,7,0
J13_8_12_19,294,8,2
J15_14_27,192,8,1
J17_16,175,8,0
J18_7_8_9_17,379,8,2
J19_9_10_11_17_18,161,8,1
J44_1_2_43,1022,8,1
J5_4_6_14,35,8,2
J7_1_3_5_6,57,8,1
M31_4,7,8,0
M45,40,8,1
R10_29,70,8,0
R11_29,91,8,2
R12_29,83,8,1
R13_15,190,8,4
R13_18,36,8,1
R14_2_3_5_9_10_13,331,8,3
R16_13,298,8,2
R16_29,88,8,2
R1_19,32,8,2
R1_31,3,8,3
R47_46,10,8,1
R4_16,15,8,0
R5_31,5,8,5
R6_31,3,8,3
R8_4_7,21,8,2
R9_2,6,8,6
J12_11_17,172,9,3
J12_1_2_3_4_5_6_7_11,7,9,7
J12_8_9_11,90,9,0
J13_2_4_6_8_11_12,72,9,0
J13_3_7_8_12,200,9,0
J13_6_7_10_12,45,9,0
J15_1_2_3_6_13_14,192,9,3
J15_3_5_7_9_11_14,15,9,0
J18_4_17,16,9,0
J19_2_11_12_17_18_23,621,9,0
J1_8_10,45,9,0
J21_11_20,83,9,1
J23_3_26,54,9,0
J23_5_18_21_22,124,9,0
J28_3_34,13,9,4
J2_1_26,212,9,2
J2_1_9_11,32,9,2
J32_3_34,13,9,4
J5_2_3_4_6,515,9,0
J6_1_3_4,439,9,1
J7_4_6_17,589,9,1
J7_6_16,216,9,0
J8_1_2_3_4_5_7,61,9,0
M12_8_11,36,9,0
M3_2_5_8_10_13_15_21_24_29,134,9,1
M5_4_8,16,9,3
M8_3_5_7,31,9,2
R11_23,63,9,0
R13_17_23,13,9,4
R14_23,63,9,0
R15_23,63,9,0
R16_23,63,9,0
R17_23,63,9,0
R1_13,41,9,1
R20_23,63,9,0
R21_23,63,9,0
R24_17_23,13,9,3
R25_1_5_8_13_24,18,9,1
R42_41,25,9,4
R45_44,20,9,3
R5_23,63,9,0
R5_4_17,11,9,2
R6_24,6,9,6
R7_23,63,9,0
R9_23,63,9,0
J11_3_4_5_7_8_9_10,478,10,0
J12_2_3_5_7_9_10_11,75,10,0
J12_2_4_6_7_8_10_11,106,10,0
J13_8_10_12,31,10,5
J14_8_11_12_13,30,10,1
J18_17_28,299,10,0
J1_2_8,31,10,2
J1_9_12,30,10,0
J20_1_11_14_17_19,255,10,1
J22_16_21,11,10,1
J24_26_27,215,10,0
J25_26_27,215,10,0
J26_2_12_18_21_23_25,79,10,2
J2_11_12,375,10,0
J2_1_32,229,10,3
J38_20_37,87,10,2
J39_20_38,79,10,1
J77_57_72_73_74_76,16,10,6
M11_3_4_8_10_12,51,10,0
M3_2_4_5_6,17,10,1
M8_2_4_5_7,12,10,2
R12_2_4_6_8_11,265,10,0
R4_13,3,10,3
R6_13,4,10,4
R9_14,36,10,4
J12_2_10_11,121,11,0
J12_8_9_10_11,44,11,0
J13_6_7_8_9_10_11_12,73,11,0
J14_5_7_10_12_13,2023,11,0
J14_8_9_10_13,44,11,0
J17_7_8_9_16,1146,11,2
J18_6_9_10_11_17,38,11,0
J19_1_2_3_4_5_6_7_8_18,722894,11,2
J22_7_8_21,101,11,0
J24_1_2_3_4_18_23,326,11,2
J29_25_26_27_28,61,11,0
J2_1_21,832,11,0
J3_2_14,55,11,0
J6_5_11,46,11,2
J8_2_6_7,1261,11,0
J9_1_2_3_8,584,11,6
M23_22,330,11,0
R10_3,206,11,2
R16_22,18,11,3
R22_23,69,11,0
R5_8,190,11,6
R7_2,139,11,3
R8_13,6,11,3
R9_1,341,11,2
J12_7_8_9_10_11,230,12,1
J17_2_15_16,131,12,1
J18_41_54,89,12,5
J19_6_11_18,3163,12,6
J20_15_17_19,199,12,0
J23_7_22,2287,12,4
J26_17_22_25,360,12,1
J26_21_24_25,386,12,0
J29_15_19_28,815,12,0
J29_15_20_28,820,12,0
J32_41_54,89,12,6
J35_30_31_34,10,12,0
J3_1,802,12,0
J4_1_6,118,12,0
J5_41_54,87,12,4
J84_41_54,62,12,3
J9_2_4_6_7_8,125,12,1
M13_8_10_12,31,12,3
R10_12,32,12,0
R11_24,13,12,2
R11_7,183,12,0
R3_19,89,12,3
R3_6_7,108,12,0
R7_22,18,12,3
R86_41_51_84_85,229,12,6
J10_1_2_3,74,13,1
J10_5_7_8_9,1519,13,0
J11_1_2_3,73,13,2
J11_6_7_10,208,13,0
J12_1_2_3,73,13,0
J13_1_2_3,73,13,1
J13_9_11_12,741,13,0
J14_1_2_3,74,13,2
J14_4_10_11_13,197,13,1
J14_6_12_13,1799,13,6
J15_1_2_3,72,13,1
J15_3_14,2572,13,0
J18_3_5_13_17,65,13,0
J19_7_10_16_18,15,13,2
J22_3_16_17_18_21,261,13,0
J25_12_24,63,13,0
J39_18_22_24_26_28_31_32_33_38,60,13,1
J3_2_19,52,13,0
J5_15_16_20_21,28,13,3
J5_1_2_3,68,13,0
J6_1_2_3,73,13,1
J7_1_2_3,75,13,1
J8_1_2_3,71,13,0
J9_1_2_3,76,13,0
M14_6_8_11_13,125,13,0
M9_3_5_8,101,13,7
R12_23,98,13,2
R18_21,80,13,1
R4_22,299,13,0
R5_2_3_4,130,13,8
R8_19,34,13,4
R8_23,66,13,9
J11_1_6_8_10,17,14,3
J13_1_2_3_4_12,91,14,0
J14_6_8_13,206,14,0
J1_4_5,658,14,9
J21_16_20,273,14,0
J29_26_27_28,90,14,3
J3_2_9,525,14,0
M17_3_6_8_10_12_14_16,163,14,5
R11_21,274,14,0
R13_21,275,14,0
R15_21,273,14,0
R35_34,15,14,3
R6_23,103,14,2
R7_11,14,14,2
J11_10_13,778,15,6
J11_3_4_7_10,16,15,3
J11_3_5_9_10,318,15,1
J15_11_12_13_14,74,15,0
J16_7_9_15,12,15,12
J17_12_14_16,260,15,5
J19_16_18,16884,15,1
J22_4_7_10_11_12_14_16_18_21,940,15,0
J23_13_22,47,15,1
J33_3_6_32,177,15,1
J3_2_13,54,15,1
M9_2_5_8,59,15,7
R12_3_6_11,262,15,3
R13_23,69,15,9
R21_5_6_7_8_9_10_11_12_13_14_15_16_17_18_20,60,15,0
R3_11,1445,15,9
R4_23,90,15,1
R5_14,249,15,0
R7_1_3_6,359,15,3
R9_4,104,15,11
J12_3_10_11,75,16,7
J12_3_4_5_10_11,297,16,1
J14_3_13,2438,16,7
J16_11_14_15,24,16,2
J27_7_26,820,16,2
J5_3_4_15,10912,16,0
R10_23,82,16,0
R29_8_28,189,16,3
R4_20,62,16,3
R5_2,311,16,0
R6_22,174,16,2
R6_2_5,53,16,8
J10_1_6_9,921,17,2
J10_3_7_9,1225,17,3
J11_1_2_3_4_5_10,608,17,0
J12_7_11,1272,17,5
J13_9_10_11_12,49,17,0
J25_18_20_22_24,86,17,0
J34_27_29_31_33,102,17,0
M1_5,197,17,5
R14_7_13,238,17,0
R15_8_14,289,17,0
R17_9_16,286,17,0
R18_14_15_17,121,17,9
R7_4,105,17,11
R8_5_7,754,17,5
J10_1_2_3_5_6_7_9,48,18,2
J13_8_9_12,54,18,0
J16_12_14_15,126,18,9
J16_7_8_15,27,18,9
J19_10_12_17_18,406,18,5
J2_3_4,4932,18,9
J8_12_14_15,126,18,9
J9_12_14_15,125,18,9
M24_17_20_23,26,18,7
M37,886,18,11
M9_2_8,485,18,6
R10_19,76,18,8
R27_19,47,18,1
R4_2,107,18,2
R9_1_2_3_8,85,18,9
J35_25_34,114,19,0
R12_15,1020,19,0
R17_19,1576,19,1
R9_12,652,19,11
task_NTcxOTU5NDE4Mzk0MzEzMjMxNw==,27,19,5
J19_2_18,174,20,6
J30_7_17_18_28_29,254,20,5
J5_6,2940,20,2
J6_4_5_8,276,20,0
J9_1_2_3_4_8,501,20,0
M13_3_5_7_9_12,55,20,3
M22_8_11_21,224,20,6
M26_25,158,20,2
R15_26,181,20,5
R20_2_19,109,20,6
R31_12_30,86,20,2
R4_26,195,20,5
R9_30,57,20,1
J10_3_5_8_9,173,21,0
J11_1_2_10,855,21,1
J11_3_4_5_10,71,21,7
J18_11_17,105,21,0
J21_3_13_18_19_20,3289,21,4
J30_3_29,438,21,1
J3_2_10,177,21,0
J5_3_4_8,1567,21,1
J6_5_7,41,21,3
J7_1_2_5_6,128,21,1
M59,3087,21,4
R36_20_22_24_27_29_30_31_33_35,140,21,0
R5_7,276,21,7
R8_6,1488,21,3
J11_2_4_6_9_10,160,22,7
J17_3_6_9_14_15_16,210,22,0
J18_9_11_12_13_15_17,232,22,11
J25_10_24,52,22,8
J7_1_3_6,10132,22,9
R19_23,97,22,9
R2_10,2080,22,0
R34_33,1143,22,13
J5_4_14,87,23,7
J8_7,411,23,2
R12_22,320,23,1
R16_3_15,161,23,0
J10_9,57,24,9
J12_1_5_11,1626,24,1
J21_13_20,200,24,9
M100,253,24,9
M104,276,24,7
M108,233,24,7
M112,257,24,6
M116,260,24,5
M120,250,24,7
M124,334,24,5
M128,245,24,7
M68,223,24,5
M76,238,24,7
M80,212,24,6
M84,212,24,8
M88,219,24,11
M92,223,24,6
M96,242,24,5
R10_13,1151,24,5
R2_9,5548,24,13
R8_2_7,365,24,4
task_ODc0NjI2OTI5NzAxODk3NzM5MQ==,71,24,2
J10_4_5_6_7_9,157,25,1
J12_2_4_6_11,358,25,0
J13_12_17,365,25,1
J17_13_15_16,23,25,0
J19_5_9_18,2389,25,2
J1_4_5_14,745,25,0
J20_1_2_19,193,25,1
J23_11_17_20_21_22,1998,25,0
J23_11_22,102,25,7
J24_7_13_14_15_16_17_23,2552,25,0
J43_1_2_5_7_42,179,25,0
J55_15_24_28_36_43_54,978,25,1
J6_2_17,83,25,8
J7_6_17,321,25,1
J8_1_3_4_7,1707,25,18
R14_15,217,25,8
R30_22,73,25,2
R40_22,73,25,1
R47_37,70,25,1
R49_22,74,25,3
R7_1_2_3_4_5_6,4945,25,2
R92_5_41_51_91,294,25,1
R94_5_41_51_93,180,25,0
J10_1_7_9,3537,26,5
J13_12,199,26,0
J17_2_4_5_16,33,26,7
J18_7_9_15_17,30,26,4
J19_13_15_16_17_18,121,26,0
J26_4_25,65,26,0
M12_3_5_7_11,160,26,0
M64,207,26,12
M72,248,26,9
J13_7_9_11_12,1594,27,0
J14_1_11_13,99,27,9
J14_1_4_13,160,27,4
J18_6_8_9_17,468,27,9
J1_5_7,109,27,5
J3_1_2_5,363,27,0
J51_49_50,1244,27,0
J7_6_19,1229,27,0
M17_10_16,4600,27,9
M46,265,27,15
R16_7_15,51,27,3
R2_11,413,27,16
R8_3,276,27,3
J19_8_9_10_18,685,28,0
J39_24_27_36_37_38,44,28,16
J3_2_22,329,28,0
J5_1_4_8,111,28,7
J8_7_9,214,28,7
M14_2_4_6_8_10_13,193,28,0
R8_11,199,28,9
J10_5_6_8_9,58,29,0
J16_1_2_3_15,2178,29,0
J17_14_16,576,29,15
J9_1_4_8,387,29,6
J9_3_6_7_8,108,29,1
R4_11,574,29,20
J10_2_8_9,255,30,0
J12_3_4_5_6_7_9_11,210,30,0
J14_10_11_12_13,101,30,15
J19_3_6_18,386,30,0
J21_19_20,150,30,0
J27_2_26,91,30,1
J9_8,2775,30,0
M1_4_6,433,30,2
R10_11,609,30,5
R26_23,85,30,5
R6_3,581,30,2
R7_14,211,30,23
R8_3_7,3530,30,2
J12_1_2_3_4_5_6_7_8_9_10_11,3022,31,5
J15_5_14,1888,31,0
J1_4_15,372,31,0
J20_6_10_11_12_13_14_15_16_19,1005,31,0
J6_5_8,742,31,10
M14_4_6_7_11_13,410,31,6
M3_2_6_8,187,31,1
M6_3_5_9_11,564,31,7
R12_6,869,31,0
R16_5,95,31,6
R17_5,86,31,1
R18_5,94,31,4
R19_5,99,31,8
R20_5,89,31,3
R21_5,96,31,6
R22_5,96,31,4
R23_5,88,31,1
R31_30,95,31,11
R5_6,1091,31,14
J41_39_40,500,32,5
R3_10,210,32,7
J10_3_6_7,264,33,0
J12_2_4_6_7_8_11,297,33,0
J13_6_9_10,1223,33,1
J13_9_12,683,33,10
J15_9_14,145,33,3
J19_3_18,573,33,11
J7_1_2_3_5_6,2938,33,0
J7_6_12,2209,33,0
J8_1_4_7,141,33,1
M19_6_7_15,167,33,2
R12_5,210,33,2
R14_5,208,33,2
R36_35,739,33,20
J10_2_3_4_9,153,34,0
J1_3,148,34,0
J28_26_27,818,34,3
R11_3_10,217,34,5
R14_1_3_13,1479,34,0
R15_16,190,34,9
J13_1_2_3_4_5_6_7_12,140,35,0
J21_1_2_20,1295,35,0
J40_22_39,1133,35,10
M12_2_7_9_11,22080,35,7
M4_11,352,35,5
M51,566,35,11
J12_5_6_8,298,36,8
J20_17_18_19,457,36,5
M14_4_6_8_10_13_18_19_20,122,36,2
M48,2177,36,4
R11_5,211,36,2
R13_5,214,36,2
R15_5,218,36,2
R7_8,392,36,8
J14_3_4_9_11_13,52,37,12
J26_1_2_3_25,3998,37,0
J9_1_3_6_8,15305,37,0
M38,258,37,17
M53,5030,37,6
R1_28,434,37,0
J18_1_3_17,1786,38,2
J2_4_8,3295,38,1
J9_7_8_19_21,629,38,1
J18_6_12_15_16_17,1944,39,0
J21_1_12_15_18_20,939,39,3
J24_23_26,3122,39,2
J35_28_34,2716,39,0
R15_5_7_14,430,39,0
M11_8_10,4130,40,23
task_LTY1MTQ5NzAxODc2NDg0NzY2OTU=,13040,40,14
J16_4_15,492,41,0
R8_10,1504,41,12
task_NjM1MDIxNTcwNTgxOTE0MzM5,183,41,17
J14_5_6_11_12_13,237,42,2
M7_5,6197,42,9
R4_9,15619,42,0
J15_2_3_14,1781,43,4
R58_57,1593,43,0
J18_3_6_9_17,2696,44,8
J24_13_22_23,517,44,11
J29_26_45,61,44,17
J3_1_2_6_8_10_14,1148,44,3
J5_4_22,517,44,11
R9_2_8,913,44,0
J10_2_7_9,642,45,6
J14_1_3_5_7_10_13_15_16_20,2161,45,0
J15_12_13_14,2255,45,3
J15_14_17_19,4103,45,0
J20_10_12_14,1319,45,5
J21_11_13_15,1414,45,6
J2_5_6,2391,45,2
J9_2_5_7_8,576,45,5
R14_24,517,45,11
J11_5_6_10,109,46,17
J13_2_7_11_12,697,46,0
J16_4_6_7_8_9_10_11_12_13_14_15,1458,46,5
J30_4_9_12_17_22_29,4466,46,3
J3_8_9,3765,46,0
J5_2_4_8,242,46,1
R33_32,164,46,17
J11_2_3_4_10,6702,47,0
J34_31_33,1712,47,5
J36_4_9_13_23_35,1081,47,0
J14_7_13,1748,48,16
J17_8_16,7112,48,0
J23_13_14_15_21_22,944,48,4
M9_6_8,194,48,15
R10_6_9,556,48,6
R19_16,151,48,9
R3_6,158,48,2
J14_2_4_6_7_8_9_10_13,5608,49,1
J14_3_6_10_13,66,49,17
J14_4_6_13,1431,49,3
J16_10_11_15,5714,49,0
J24_10_11_15_16_17_18_19_23,4423,49,0
J27_1_3_5_7_9_15_16_26,931,49,0
J37_2_36,1129,49,0
J46_44_45,46,49,1
J7_3_5_6,1095,49,10
M12_3_4_5_9_11_13,232,49,1
task_ODg4NDI2MjY2NzczMDM5NjUwMA==,171,49,5
J10_5_8_9,271,50,10
J13_3_4_12,125,50,0
M12_2_4_8_9_11,240,50,10
J23_3_4_22,510,51,0
J24_4_5_7_8_9_10_11_13_14_15_16_17_18_19_20_22_23,85,51,0
J29_1_3_28,1299,51,2
J5_1_2,5777,51,0
J5_4_12,721,51,1
J8_1_4_5_6_7,276,51,0
R11_13,3894,51,7
R8_5,319,51,11
J16_1_2_14_15,376,52,5
J22_21_24,1250,52,25
J24_7_23,22987,52,15
J3_2_12,909,52,2
J9_1_5_8,3706,52,25
R14_40,40,52,40
R17_14_16,71,52,18
R18_40,45,52,1
R21_16,534,52,0
R21_18_20,78,52,26
R22_40,43,52,43
R25_22_24,78,52,26
R33_30_32,76,52,24
R34_40,46,52,1
R37_34_36,69,52,17
R40_39,103,52,6
R47_41_46,69,52,16
J23_17_22,1740,53,4
J35_18_34,2586,53,10
J38_37_51,2242,53,6
J14_5_11_13,669,54,0
J17_11_13_16,4140,54,2
J3_2_9_10,1739,55,0
J4_3_17,4048,55,17
M17_2_10_12_15_16,277,55,6
J12_1_2_3_4_5_6_11,931,56,1
J13_3_6_8_12,963,56,5
R2_4,369,56,12
R41_40,62,56,4
R4_5,592,56,15
J10_1_3_5_8_9,2060,57,21
J12_11_15,685,57,0
J9_3_7_8,686,57,2
R16_12,787,57,0
J9_4_5_8,641,58,7
J15_12_14,7196,59,8
J17_3_5_14_16,914,59,0
J49_50_61,2202,59,1
M11_2,293,60,8
M12_2,306,60,2
M13_2,315,60,6
M14_2,309,60,4
M15_2,345,60,16
M16_2,339,60,15
M17_2,374,60,14
M18_2,502,60,2
M6_2,439,60,10
M8_2,272,60,4
M9_2,272,60,3
R7_10,3394,60,17
J14_1_6_13,882,61,0
J2_1_11,1177,61,0
J15_3_7_13_14,972,62,0
J16_12_15,234,62,1
J2_4_5,12663,62,31
J23_1_2_4_22,1662,63,2
J32_7_8_9_31,1329,63,3
R8_1_4_5_6_7,2749,63,0
J10_2_3_4_5_6_7_8_9,9330,64,9
J20_10_11_12_18_19,1344,64,7
task_ODI0NzAxNTU2MTczMTI5NTMz,523593,64,12
J9_6_8,2323,66,5
J13_4_12,933,67,17
J21_17_20_23,4184,67,1
R6_7,1517,67,9
J11_3_5_6_7_10,289,68,0
J13_8_11_12,84,68,10
J2_1_12,804,68,11
J8_2_3_5_7,1450,68,0
J8_4_5_7,5391,69,23
R2_6,4168,69,41
R4_10,5667,69,38
J15_9_10_13_14,7040,71,4
R16_2_8_15,2272,71,0
R2_7,148,71,27
M7_2,469,72,16
R13_3_6_9_12,3335,72,3
R13_5_12,45821,73,0
R17_1_16,876,73,0
J6_2_4_5,1293,74,13
J9_5_7_8,514,74,6
R18_13_14_15_16_17,370,74,0
J16_7_9_11_12_13_15,878,75,4
J10_2_4_5_9,133,77,3
J9_2_5_8,3459,77,0
M8_2_4_7,247,77,18
M8_4_5,2167,77,1
R1_11,4307,78,48
J8_2_5_7,312,79,15
M11_8_10_14_26,274,79,6
M56,4157,79,25
M8_5_7_11_23,222,79,13
R28_9_27,653,80,5
R7_27,361,80,6
J12_4_5_6_7_8_9_10_11,611,81,0
J14_4_7_9_13,78,81,7
J18_1_3_5_7_8_17,9130,81,8
J17_7_16,295,82,7
M6_2_4,1300,82,1
J41_15_16_19_20_23_40,191,84,14
J43_8_42,1941,84,5
J46_5_45,1952,84,7
M13_2_4_6_8_10_12,432,84,6
task_LTg5MTI5MTc1ODQzMjE2MTczMTk=,6251,84,8
J29_21_23_24_26_28,403,85,8
J35_25_27_30_32_34,158,85,1
R39_38,2098,85,23
J24_1_2_23,885,87,0
J53_49_52,1324,87,7
M10_3_6_9,433,87,21
J15_1_3_5_14,7159,88,28
R4_6,3114,88,56
J13_2_4_10_12,37564,89,0
J28_25_27,11338,89,0
J15_2_14,2455,90,9
J23_17_18_22,7808,90,0
J6_5_17_18,7990,90,0
J8_2_3,4829,90,1
J12_2_3_4_5_6_7_11,545391,91,2
R12_1,8758,91,32
J28_11_17_26_27,1058,92,23
M14_13,4765,92,16
R12_28,1058,92,23
R18_28,920,92,23
J16_2_3_5_9_15,659,96,2
J18_2_3_17,7609,96,36
J8_1_6_7,2533,97,10
J10_7_9_13,413,99,1
R1_21,32503,99,62
J20_19_22,1000,100,25
J31_22_30,1175,100,0
J40_39_45,454,100,5
J9_7_8_16,9979,100,27
R11_7_10,64,100,51
R48_4_13_17_21_25_33_37_47,242,100,42
R8_1,9364,102,42
J23_20_21_22,7960,103,0
J26_13_14_15_19_20_21_23_25,227,103,29
R5_10,417,103,2
J11_8_9_10,761,104,6
J54_51_53,3433,105,12
R2_12,1136,105,16
M14_5_6_12_13_15,885,106,4
J37_20_36,5473,108,19
J10_6_7_9,1431,110,55
R23_5_22,3789,111,8
J23_2_22,1347,112,1
M15_5_14,780,112,15
R4_7,426,112,30
J16_1_15,3660,113,7
M7_2_6,7510,115,57
R7_3_6,2735,115,18
J15_1_2_3_4_5_6_7_8_9_10_11_12_13_14,3776,116,11
R3_8,875,116,7
R9_5,6246,116,55
J14_1_3_4_13,44125,117,0
M6_2_5,552,118,10
J7_2_3_4_6,4980,119,38
M5_1_2_4,9349,119,0
R6_10,8103,119,58
M6_3_5_9_11_12,1045,120,28
R13_6,2217,120,2
J5_4_8,6162,121,33
R6_9,3911,121,57
J22_6_7_8_9_21,5960,123,17
J14_13_21,1316,124,16
J14_6_9_10,2550,124,33
J18_17_21,1595,124,13
J11_2_7_10,1797,126,23
J13_1_11_12,650,126,20
J14_1_2_3_4_13,3474,126,34
J17_9_12_14_15_16,1170,127,3
J1_2_3,894,129,1
R3_13,2505,131,15
J10_2_4_9,1321,132,11
J22_1_2_3_4_5_8_9_12_15_17_19_21,1582,133,2
R7_13,2523,133,11
J20_18_19,8835,134,26
M19_18,660,134,11
J17_9_16,1399,135,12
J18_8_17,1394,135,10
J30_26_33,1268,135,4
J5_4_15,10029,135,0
J1_4_10,434,137,34
J1_4_9,1918,137,0
J11_6_10,2221,138,48
J10_2_4_6_7_9,19655,143,4
J12_2_6_11,17446,143,0
J11_4_10,1826,144,13
R7_1_2_3_4_6,1912,148,49
J12_9_11_14,725,149,2
R49_48,412,151,13
M69,660,152,14
R13_14,2050,153,7
M7_4_5_6,540,154,0
J11_2_6_10,12464,155,3
J22_18_21,7010,155,4
J30_1_2_5_24_29,19646,155,5
J7_6,3668,156,44
M66_47_63_65_69,528,158,11
J10_2_5_6_9,1546,159,10
J20_1_2_3_4_19,7864,159,11
J7_6_10,2518,159,21
J3_2_7,1317,160,27
J8_1_3_7,6076,160,3
J31_26_30,1563,161,17
J13_2_6_12,1855,165,0
J15_4_11_12_13_14,1155,165,0
R1_8,2429,165,77
J13_6_8_11_12,3024,166,51
J7_2_3_5_6,12989,166,69
R10_1_9,20862,166,89
R6_1_2_3_5,1406,166,26
R12_13,1988,168,22
J14_4_7_8_13,172,169,11
J6_7_13,7943,169,0
J31_23_25_27_28_30,418,170,73
J13_6_7_8_12,21024,171,3
J19_1_2_3_4_18,3653,171,2
R5_1_4,10875,172,99
M57,4829,173,12
M60,14853,173,33
R3_4,2032,174,36
J19_5_6_7_8_17_18,5537,177,4
M15_7_8_14,4477,177,14
R5_21,40612,177,62
J11_3_8_10,8595,178,17
R16_3,5681,181,0
M1_7,4380,182,51
J5_4_9,2562,183,0
R11_3,5071,183,2
R25_1_3_4_5_6_7_8_9_10_11_12_13_14_15_16_17_18_19_,1380,183,0
J16_2_3_15,21080,184,17
J11_6_7_10_20,146,185,144
J15_4_14,4187,186,22
J26_2_4_5_20_23_24_25,1187,186,11
J5_4_10,644,186,8
M11_6_10,18447,187,55
J17_12_15_16,262,188,70
J8_12_15_16,235,188,47
J8_3_6_7,3471,188,91
J9_12_15_16,267,188,79
J9_1_3_5_8,7900,188,11
R15_3,5785,188,0
J10_1_2_3_8_9,25476,189,0
J10_5_6_7_8_9,1008,189,63
J7_1_2_4_6,826,190,26
R28_27,6842,192,84
J18_1_4_5_6_8_11_12_15_16_17_24,7405,193,6
R9_11,4587,194,20
J14_10_12_13,3288,195,7
J23_17_18_20_22,1190,195,65
J25_2_24,17706,195,24
J4_3_6,34096,195,143
J5_2_4_11,650,195,65
J9_2_3_4_5_8,11272,195,43
R12_2_4_6_11,19370,195,0
M13_12,18216,197,76
R6_8,3257,197,59
J8_4_5_6_7,6335,198,89
M8_1_3_5_7,2392,198,39
R14_16,9484,198,76
J16_8_15,10863,199,0
R14_21,41526,199,62
J34_3_33,68834,200,24
J2_1_8,798,202,78
J9_16_17,12026,202,15
R7_3,3307,203,9
R10_1_2_3_9,1640,205,0
R2_3,1191,208,11
R9_7_8,26890,209,85
J6_1_3_5,21350,210,1
J19_1_3_4_5_18,21564,211,1
R12_21,42981,212,63
J21_14_20,9452,215,7
J9_1_2_3_4_5_8,35049,215,0
J22_1_4_5_6_7_8_9_11_14_16_17_20_21_31,2927,217,15
M11_4_6_7_10,5164,217,80
M54,36346,217,48
task_LTE3Nzc5Mzc0NTEyODIyMTQwNTc=,11723,217,112
task_MTY3NzU4MzIxMzMzNDg4OTMzOQ==,1062,217,75
task_Mjc5MzA3NTE4MTEyMDI2MTQ2OQ==,7047,217,50
J12_8_11,4426,219,82
J19_14_18,19668,221,59
J19_15_16_17_18,9895,222,23
J4_1_3_5,264,222,41
J34_2_3_5_7_8_9_10_11_12_15_17_20_22_23_24_25_26_3,7058,223,13
M13_9_12,5327,226,19
M4_1_3,2704,228,48
M8_4_7,5033,228,29
J7_6_8,1919,231,3
M13_1_8_9_12,2496,231,81
R9_21,47592,232,62
J12_10_11_25,5741,235,9
J2_1_5,8043,235,25
J35_8_11_16_32_34_45,643,235,15
J38_11_14_19_35_37_47,638,235,17
J2_1_16,3088,236,12
R7_2_6,2216,236,4
M5_2_4_8,2348,237,14
R10_8_9,11524,237,77
M5_2,1400,240,53
J28_9_20_25_27,9795,243,9
J27_20_23_26,19921,245,18
J7_6_13,6825,245,0
J17_1_16,7688,246,23
J15_1_4_5_11_12_14,1013,247,1
J21_25_28,6563,247,11
J29_6_28,31766,247,11
J34_1_33,6404,247,16
R19_21,48973,247,62
J25_1_2_3_4_5_7_8_24,32736,249,0
J12_1_2_8_11,2470,250,83
M35,5158,251,12
J4_3_13,5022,255,0
J9_1_2_3_4_5_6_7_8,11916,256,20
R12_1_11,3815,256,13
J8_2_4_7,44527,258,198
J25_1_24,6939,259,27
R9_3,6276,259,27
J13_12_21,11818,260,9
M3_2_4,60350,260,12
J19_1_18,4428,262,13
J9_4_6_8,4037,262,23
J12_6_8_9_11,1610,264,30
J4_3_7,5010,265,7
J9_3_4_5_7_8,23423,266,131
M14_3_5_6_7_11_13,21303,266,16
J9_3_4_8,13564,269,3
M11_3_5_7_10,1343,270,95
J9_2_4_5_6_8,733,272,19
J1_2_5,3973,274,0
J23_1_22,20094,274,34
J11_2_4_5_6_8_9_10,51204,275,0
J7_2_3_4_5_6,12800,275,81
R1_10,8097,277,29
J1_3_4_7,45924,278,0
J2_4_7,28988,279,139
J6_5,29946,279,59
J11_7_9_10,2640,280,8
J4_2_3_12,40915,281,1
J52_50_51,3347,281,28
J11_2_9_10,6488,282,116
J8_1_2_6_7,4734,282,21
J28_7_10_13_15_18_19_24_27,40828,285,10
J16_12_19_26,490,289,1
J16_4_5_7_10_15,808,289,0
J22_11_21,2741,290,4
R9_10,3595,291,35
R10_1,11740,292,78
J10_1_2_3_4_5_6_7_9,5279,297,17
J10_6_8_9,760,298,2
J4_1_2,787,298,11
J14_8_10_13,1667,300,77
M55,9540,300,54
J16_3_15,5902,302,135
J2_1_14,2739,303,98
R2_8,11927,303,147
J11_2_4_10,1565,305,99
J22_6_10_15_16_17_18_19_20_21,6115,305,17
M7_4_6_48_53,82917,305,53
J24_20_23,87209,307,133
J13_1_4_5_6_7_10_11_12,5167,308,77
J8_3_5_6_7,10038,308,8
M6_1_2_3_5,28761,308,54
J8_1_2_4_6_7,7985,309,9
J13_1_3_12,2558,312,29
J10_4_9,15566,313,11
J22_20_21,23490,314,0
J15_7_8_9_12_13_14,48233,315,8
J12_8_10_11,61623,316,66
M1_3,1454,318,28
J15_1_12_14,23215,319,26
R7_21,52967,320,91
J16_4_6_15,53481,321,11
J17_1_2_16,32786,321,18
J31_5_30,61534,325,21
J11_2_5_7_9_10,15749,326,17
J12_3_4_11,10921,327,140
J15_10_11_12_13_14,23887,327,29
M11_10,2628,330,73
J17_5_6_7_16,15787,331,16
J25_23_24,8940,331,30
R32_3_14_20_31,3901,332,0
J16_8_9_15,22576,333,10
J15_10_14,9131,337,191
M13_4,4802,338,50
J13_3_4_5_6_7_8_12,53317,339,10
J19_1_2_3_4_5_6_7_8_9_10_11_12_13_14_15_16_17_18,38382,339,6
J32_1_31,47640,339,20
R29_28,9434,339,143
R5_13,1903,339,49
R9_1_3_8,6524,340,1
J14_2_3_4_13,19585,341,18
R17_21,51246,341,133
J4_2_3_10,27998,342,11
R7_1_2_6,28099,343,35
J15_3_12_14,1299,345,49
J13_5_12,18801,347,87
J18_11_12_13_14_15_16_17,62587,347,0
R8_14,37181,348,46
J16_2_15,8734,351,37
J4_2_3_6,24889,351,14
M11_1_2_10,1437,356,178
M33,3607,357,89
R5_2_4,12144,357,59
J25_16_18_24,145217,360,251
J8_5_7,22915,362,131
M24_4,11835,363,88
J3_2_4_5,1931,367,10
J14_3_4_13,23125,369,123
J15_2_4_5_14,28632,369,123
J28_17_19_20_27,8781,370,3
J9_2_4_5_6_7_8,12683,370,28
J27_23_24_26,15356,371,23
J31_2_30,21145,371,20
M17_16,870,373,98
J14_9_10_12_13,5489,378,0
J10_3_4_5_6_7_8_9,38686,383,3
M51_45,10425,383,65
J29_14_28,11744,386,0
J9_2_4_6_8,19779,386,19
J18_3_7_14_16_17,3632,387,12
J24_21_22_23,14548,387,32
J8_1_2_5_7,4729,389,22
J12_4_5_11,7950,390,24
J20_1_4_5_6_7_9_12_13_14_15_18_19_28,14847,390,10
J22_18_20_21,6906,390,15
J10_1_2_3_4_5_6_7_8_9,24273,395,30
J26_18_19_25,20074,395,26
J3_2_5,39028,395,0
J3_2_5_6,612,397,215
M5_3,10667,398,103
J3_2_6,3300,400,139
J5_4_21,25288,400,155
J28_11_13_14_16_22_23_27,32238,401,37
J8_2_3_7,13711,401,144
J30_2_5_13_29,12651,402,0
M21_20,5988,402,200
J29_4_5_7_28,18759,407,27
J9_5_8,7295,407,77
J9_2_4_8,3094,412,0
J25_20_24,23172,415,70
M15_5_6_7_13_14_16,3069,415,27
M47,5397,416,72
R7_1,44747,416,111
J10_4_6_8_9,19839,417,117
R14_1_3_6_13,1586,417,139
M40,5146,418,73
J16_13_14_15,6936,419,33
J24_5_7_10_13_14_15_22_23,53687,419,3
J15_2_4_14,7152,423,0
J13_8_12,31194,425,46
J27_17_26,21800,425,33
R2_14,26090,425,21
M20_19,1683,427,4
J12_6_11,18819,428,278
R2_15,9145,428,66
J14_7_12_13,147763,429,33
R5_1_2_3_4,9806,434,71
J8_3_5_7,62651,435,240
J3_2_8,40937,443,53
J19_16_17_18,10567,444,72
M11_2_4_8_10,965,445,85
M61,16127,445,10
J11_1_2_3_4_5_6_7_8_9_10,25834,447,22
J23_21_22,13564,447,109
R9_4_6_8,188063,447,25
J14_21_22,26012,448,98
J21_12_13_14_20,996,449,106
J11_2_6_8_10,54828,451,107
J10_1_3_5_9,102123,455,37
J30_11_12_13_14_15_16_17_18_19_20_21_22_29,14763,455,46
M22_18_19,14198,462,77
R11_16,107501,462,31
J18_1_17,17667,465,73
J70_62_66_68_69,881,466,48
M15_2_4_6_14,37712,466,74
J8_7_25,5421,468,51
M11_2_4_10,5801,470,193
J4_3_9,21528,477,107
J41_11_13_39_40_44_45_66_69_74,7308,478,26
J5_2_4_6,39595,478,1
J16_15_25,8867,486,60
J17_2_16,16207,486,65
J10_4_6_9,96448,487,42
J3_4_5,46187,489,50
M14_4_5_6,3680,492,92
J13_2_4_6_7_8_9_10_11_12,16992,494,9
M6_8,3199,494,84
M9_1_2_8,8144,497,9
J10_3_6_7_8_9_12_13_16_17,11892,498,48
J11_6_7_8_10,18455,499,44
J7_11_13_14,7068,500,21
J8_11_13_14,7385,500,24
J62_53_54_55_56_58_59_60_61,99220,503,21
J10_7_8_9,112165,504,85
R5_11,4855,504,14
J30_7_8_12_15_16_19_20_21_22_23_24_25_28_29,100368,505,16
J7_3_4_6,54272,507,162
M58,26923,509,39
J6_2_7_8,62977,511,52
R6_4_5,167868,512,95
J9_4_6_7_8,67983,514,1
J5_4_6,2609,515,27
R3_17,9935,516,37
R5_17,10021,516,49
R11_17,10232,519,44
J5_1_3_4,13209,523,239
M39,20525,523,137
R8_4_5_6_7,119857,525,150
J23_9_22,4742,526,0
J68_17_18_19_67,108962,527,85
M6_2_3_5,14168,528,18
J11_4_9_10_12,10824,530,68
J11_3_5_10,4770,531,61
J9_5_6_7_8,7440,531,47
R6_1_2_3_4_5,11360,532,309
J63_52_62,69524,533,44
J64_51_63,63476,533,32
J24_2_5_7_8_23,5339,534,1
J26_1_2_4_6_8_10_12_14_22_25,24158,534,89
J7_1_2_3_4_6,16054,535,45
J9_1_2_4_6_8,12805,535,44
J14_9_13,5046,536,72
J70_7_69,118125,536,97
R6_1,50563,538,146
J66_27_29_38_43_44_45_46_47_65,80392,539,35
J15_13_14,11738,543,148
J65_48_64,80669,543,12
J67_20_23_24_66,95695,550,20
J4_3_5,60533,551,33
J69_8_9_10_13_14_68,132951,551,28
J1_3_6,57918,552,278
J14_13,43490,556,31
J14_1_2_9_13,4421,556,51
J8_7_13,23604,556,61
R8_1_2_3_4_5_6_7,18382,556,37
R5_1,47501,559,112
M8_5_7,6509,560,38
J15_7_14,18773,561,2
J10_9_11,47068,562,1
J20_1_19,132546,575,286
J11_7_8_10,37313,578,29
J29_1_2_4_5_6_10_11_12_13_14_15_22_23_24_25_28,20122,582,291
J6_1_2_3_5,7784,588,170
J16_8_9_12_15,87832,590,70
J13_4_5_6_10_12,74898,591,174
J71_2_3_6_70,81238,591,71
R17_20,76479,592,12
J26_24_25,19502,593,277
J15_5_6_8_10_11_12_13_14,9004,594,297
M10_2_4_6_9,7607,594,178
R10_1_3_9,464,595,440
R7_5_6,42994,596,241
J3_2,79330,599,274
R4_1,58218,602,161
J6_1_2_5,64611,603,115
J33_4_32,277394,604,53
R17_22,77111,605,11
J16_3_6_7_13_15,6233,613,210
J16_6_15,10496,614,199
J9_3_5_6_8,1317,618,105
M31,41363,619,104
J31_1_30,11449,621,44
R4_1_3,18687,623,401
M9_2_4_6_8,130398,624,153
M32,36829,640,93
J13_1_12,15439,641,163
J16_1_2_15,51535,641,39
J7_1_4_6,172085,641,20
J8_2_4_6_7,5073,641,118
R7_1_6,9433,646,2
J28_4_27,298809,656,0
J3_1_2_6_11,5762,665,266
M1_4_9,4466,667,108
J8_1_2_4_5_6_7,2812,675,237
J11_2_10,18247,678,323
J7_1_2_6,11104,680,112
M7_4_6,7362,680,197
J27_6_8_26,284861,687,510
M6_1_3_5,100046,698,106
J2_1_3_4,26838,699,6
J9_1_5_7_8,8388,699,0
M10_7_9,5248,702,295
J12_2_3_11,853,705,37
R5_3_4,48659,705,369
J21_1_2_3_4_5_6_20,19487,707,50
task_NzkwNTc4MjA2ODI2MzE3NzU4MQ==,10248546,717,145
R3_9,18228,721,0
R7_9,18501,721,0
J26_11_13_25,247311,726,405
R1_7,12149,729,61
R4_8,6218,732,82
J7_1_2_3_6,39066,740,80
J19_13_16_17_18,4386,744,28
J30_2_4_6_8_24_27_28_29,4707,744,21
J14_4_7_10_13,23992,747,0
R9_15,2708,748,34
J14_1_13,58085,749,381
J24_15_23,27734,759,0
J15_11_13_14,11632,761,35
R1_9,17806,766,355
J40_8_10_13_15_39,2099,767,27
J6_1_3_4_5,141818,768,0
J9_1_2_3_5_8,16850,769,59
J14_1_2_3_4_5_6_7_8_9_10_11_12_13,102190,771,2
J41_3_4_5_6_40,1425,771,17
J7_1_2_3_4_5_6,18158,771,86
R6_1_5,23349,773,395
J13_7_8_12,147777,774,126
J37_35_36,19676,774,63
J43_27_28_32_33_34_35_36_37_38_41_42,7636,780,85
J23_18_20_21_22,4305,783,83
M34,47104,784,232
J23_2_4_6_8_9_10_11_12_13_18_20_22,20832,786,88
M42,48984,788,257
J11_3_9_10,105310,789,485
R32_31,15688,789,112
J24_14_15_16_17_18_19_20_21_22_23,12681,791,48
M3_2_6,178726,793,143
R30_29,24001,797,318
J10_2_3_8_9,77831,798,89
J26_9_10_11_25,1550,799,56
J25_2_5_24,29932,802,1
task_LTMwODg1Nzc1MDM3OTcxODM2NjA=,433111,806,20
J16_15_45,1430,833,84
J25_3_6_7_8_10_13_16_17_18_20_21_22_23_24,12985,834,65
R9_1_8,48465,835,155
R5_9,21679,841,57
R38_37,16240,851,135
M30,29443,861,55
J19_8_9_12,102428,862,95
R1_3,25354,862,237
M15_14,7815,871,352
J3_7_9,2882,891,209
M36,25356,899,353
J12_9_11,76973,912,212
J13_7_12,25779,922,171
J32_6_7_8_9_10_11_12_13_14_15_16_17_18_19_20_21_22,610133,929,48
J31_29_30,22906,932,119
M9_4_6_8,5559,938,179
J19_2_3_4_13_18_24_25_26,1415,941,472
M6_2_5_9,29932,952,125
J9_1_2_6_8,10278,960,189
J20_15_19,5837,967,100
R19_2_18,94003,978,57
J3_2_4,28671,980,246
J2_1_13,12517,981,50
J8_3_7,16525,995,250
J13_10_12,8592,1001,138
J17_12_13_14_15_16,21967,1004,96
M50,4771,1006,32
J19_7_8_9_10_18,2679,1015,48
J1_3_4,188363,1017,144
J14_6_13,236355,1018,434
J27_21_22_26,51369,1026,171
J17_16_25,66166,1028,92
J6_14_24,33778,1028,61
J8_2_4_5_7,2480,1046,124
M16_15,9255,1046,473
J17_3_16,22899,1050,261
J20_21_27,53990,1062,177
R3_1,100836,1070,218
J15_1_5_9_12_14,14230,1074,196
R10_15,1053,1078,51
R6_15,957,1079,8
J9_3_8,40611,1080,154
J15_3_5_7_14,5938,1097,84
R18_23,86946,1097,187
J9_2_8,110826,1101,582
J10_2_5_8_9,25601,1111,70
J12_5_6_7_8_9_10_11,716329,1111,152
J12_6_9_11,1007,1111,47
J13_1_2_3_4_5_7_9_10_11_12,76262,1111,62
J13_1_3_6_7_8_9_10_11_12,49729,1111,34
J13_2_7_8_10_12,1600,1111,481
J14_2_3_13,1623,1111,509
J16_3_5_7_15,5152,1111,101
J17_10_16,978,1111,11
J17_1_2_3_4_5_6_7_8_9_10_11_12_13_14_15_16,212098,1111,9
J17_1_3_4_5_10_15_16_19_20_21,11806,1111,134
J17_6_14_16,1014,1111,148
J17_8_14_16,1252,1111,156
J19_4_8_18,1789,1111,677
J19_5_16_18,1147,1111,69
J19_5_8_9_16_18,1447,1111,332
J22_2_5_6_7_16_21_27_28_29_33_34_36_39_44_45_48,3020,1111,75
J22_8_9_10_13_14_17_18_19_20_21,11516,1111,128
J26_12_14_15_17_18_19_21_22_24_25,83763,1111,68
J26_18_19_20_22_24_25,51244,1111,21
J27_1_3_4_5_7_8_10_11_13_15_26,51121,1111,75
J27_1_3_5_6_7_9_26,63076,1111,58
J28_2_3_5_7_9_10_12_13_15_16_18_19_21_27,365615,1111,32
J28_2_4_6_7_9_10_11_13_14_16_18_20_22_27,485850,1111,53
J28_3_4_5_7_9_11_12_14_16_17_19_20_22_24_26_27,68148,1111,51
J29_10_12_13_14_15_16_18_19_21_23_25_27_28,67956,1111,52
J30_5_7_29,36192,1111,63
J37_3_30_31_33_36_42_43_46,1544,1111,431
J42_9_11_13_14_18_41,1485,1111,370
J4_3_11,38748,1111,116
J6_2_5_12,18184,1111,80
J8_2_3_4_5_6_7,59594,1111,39
J8_3_4_5_6_7,35902,1111,80
J91_41_44,811,1111,807
J93_41_44,783,1111,777
R13_4_12,236185,1111,95
J4_3_7_8,331656,1112,153
J8_1_3_5_6_7,45112,1114,90
J8_2_3_4_7,16378,1114,137
R25_3_8_11_14_17_20_23_24,882628,1114,121
J11_2_4_5_10,50374,1117,102
J20_2_19,1965,1118,7
M7_2_3_6,25984,1121,174
J8_3_4_5_7,982184,1131,101
J15_4_5_14,138973,1132,605
J9_6_7_8,38027,1133,206
R27_26,37484,1134,176
J13_12_18,17589,1152,174
J40_33_34_38_39,8345,1155,197
R14_6_13,24011,1197,334
R3_5,61209,1205,557
J9_5_6_8,363208,1209,602
task_LTcyMjgzNTU0Nzk1OTg3NTA5MzM=,3154612,1209,404
task_LTE4NjUxMjg5NDY5MDI4NjAzNzU=,383,1213,285
J21_8_10_14_20,5004,1219,373
M5_1_4,15678,1251,252
J9_1_8,118386,1278,670
J10_2_3_9,15981,1281,547
R25_24,68419,1283,124
R1_5,111733,1286,401
R2_5,132433,1304,771
J12_5_11,16611,1314,166
task_ODk2MzU0ODg1MTY5MTExNTUwMg==,960,1339,379
M6_4,63618,1340,65
J5_2_3_4_7_10,16512,1360,71
R4_1_2_3,211778,1361,338
J6_2_3_4_5,194217,1363,452
J8_1_2_3_4_7,55145,1379,268
J13_2_8_11_12,42388,1380,162
J11_1_7_9_10,9420,1388,60
J8_1_2_3_4_5_6_7,538644,1388,315
J7_4_5_6,44196,1399,300
J8_1_3_5_7,31457,1399,208
J14_11_12_13,164026,1409,481
J14_5_13,17342,1422,378
M15_7_12,43615,1422,137
J15_11_14,27506,1432,444
J7_2_6_23,1999,1438,554
J9_1_7_8,106313,1438,449
J2_1_6,107586,1445,281
J8_5_6_7,23442,1447,334
J17_5_8_9_16,86031,1448,517
M2_6,24262,1452,110
M7_2_4_6,40986,1460,516
J15_6_14,92749,1497,465
J7_2_5_6,44558,1505,361
R1_4,23201,1559,199
J15_3_4_14,20082,1566,393
M18_17,51741,1572,592
M4_8,8713,1572,222
J16_14_15,26655,1585,263
J15_5_8_10_11_14,73129,1588,480
J11_8_10,13050,1593,170
task_LTEwOTY0ODA4MjU3NTE0MjIwNTA=,1490645,1600,800
task_MzEzODY2NDE5OTUyNzA4NjMwNg==,217341,1600,785
R43_42,5963,1620,36
R3_7,14259,1622,87
J27_25_26,253731,1675,1109
J5_4_7,26130,1689,89
J12_10_11,135474,1696,751
M10_9,22250,1714,481
J17_5_16,173337,1719,321
R5_12,6746,1724,340
J11_9_10,54858,1728,435
R24_23,124850,1728,452
J12_9_10_11,167754,1797,685
M17_5_8_9_15_16,116264,1825,213
J14_4_13,17237,1840,343
R8_6_7,70604,1847,463
J14_2_13,1128682,1851,210
J13_7_9_12,2513,1853,372
J11_3_5_6_10,175183,1854,626
R7_12,7026,1868,374
J6_5_22,22437,1872,180
J8_2_7,91882,1891,434
R4_2_3,58000,1915,370
M10_2_4_9,427255,1932,366
J11_5_10,129665,1949,425
J12_6_10_11,14830,1962,512
J10_1_9,81759,1996,964
J2_1_7,22024,2002,17
R1_6,50013,2002,910
M5_4_10,246507,2021,219
J16_3_4_7_14_15,8579,2036,89
J24_3_6_9_10_11_14_22_23,5720,2061,148
J22_3_5_11_18_20_21,21128,2064,345
R3_14,39610,2076,248
R28_20_27,109236,2094,349
J21_13_14_15_16_17_18_19_20,223552,2133,287
M11_4_6_8_10,47742,2137,644
J15_1_14,769758,2141,908
J9_2_3_8,61683,2162,556
M2_1,42367,2164,430
J10_1_3_9,2820668,2181,210
J10_3_4_9,184754,2183,622
J12_4_11,129208,2190,435
J13_3_5_7_12,9354,2194,55
J18_16_17,1312685,2214,290
J15_2_4_8_14,3859,2222,48
J16_2_4_8_15,4156,2222,138
R25_3_8_10_16_21_22_24,3506,2222,1163
M2_4_6,327785,2250,459
R13_10_12,31530,2254,6
J9_1_2_8,27270,2266,1111
J16_6_8_13_14_15,143384,2283,81
J24_22_23,22324,2287,308
J9_2_3_4_8,10575,2307,112
J4_3,220917,2327,871
J41_25_28_31_32_40,2292,2331,76
J11_7_10,60305,2351,204
J42_11_14_18_21_32_41,2965,2361,604
J44_20_23_25_26_43,2422,2361,146
J10_7_9,25368,2367,306
J45_7_9_11_13_16_26_44,3269,2391,813
R6_12,14089,2403,704
M3_8,9932,2456,652
J13_2_3_12,185939,2460,615
J22_1_3_4_6_8_11_12_21,267478,2489,476
J8_4_7,231379,2497,209
J17_15_16,47734,2531,352
J14_12_13,51071,2538,625
R22_21,178529,2557,729
J19_17_18,44684,2558,738
R8_1_7,97676,2599,1109
J14_11_13,121852,2610,935
J12_1_11,72446,2624,317
J13_2_12,3217665,2639,390
J9_2_7_8,59416,2674,475
J16_6_7_8_15,101364,2688,132
J5_4,774516,2695,134
J11_4_6_7_8_9_10,909242,2721,155
M27,32275,2848,134
J10_6_9,67819,2851,960
J2_1,596959,2855,87
task_LTU0MTQyNTI1NDMzMzE0ODA0MTU=,27092,2856,1435
task_MzkwNjI2MTQ2NTgxODQzNDc5Mw==,19196,2880,1215
J27_2_4_6_21_24_25_26,18990,2976,238
J11_10_58,6812,3001,996
J59_57_58,33163,3001,427
J61_55_56_59_60,50792,3001,263
J62_54_61,34200,3001,268
J63_53_62,37008,3001,306
J64_51_52_63,35873,3001,262
J65_47_49_50_64,53394,3001,170
J66_43_65,38756,3001,195
J67_32_33_34_35_36_40_41_66,53267,3001,212
J68_30_31_67,51237,3001,335
J69_27_28_68,52264,3001,295
J70_24_25_69,55562,3001,205
J71_20_21_22_23_70,52480,3001,410
J72_18_19_71,63663,3001,231
J73_17_72,60909,3001,230
J74_9_14_16_73,153368,3001,59
J75_10_74,65112,3001,213
J76_8_75,69773,3001,296
J77_1_2_3_4_5_6_7_76,167243,3001,140
J12_2_4_6_8_10_11,94281,3113,413
J7_3_4_5_6,152866,3185,742
J9_4_8,377828,3227,1776
J10_1_2_9,92424,3269,533
J6_3_5,294435,3323,851
J11_1_2_6_10,19724,3333,392
J16_9_10_11_15,14563,3333,562
J18_3_5_6_17,10105,3333,1291
M6_3_5,333410,3499,1895
R26_25,398630,3503,1191
J10_3_9,2345498,3562,391
M4_1_3_13,115086,3684,509
R23_22,252919,3685,1067
R19_18,966723,3712,1063
J20_5_19,462253,3719,1492
R7_4_6,2158943,3748,1992
M7_3_6,61146,3832,899
J13_11_12,271292,3859,1311
J7_2_4_6,27637,3894,167
J16_10_15,1400788,4097,1823
J23_3_6_9_10_11_14_21_22,12179,4110,1858
J19_3_15_17_18,40643,4144,437
M10_2,11752,4148,379
R20_19,719808,4206,1091
J14_13_22,143844,4212,699
J6_1_4_5,385785,4220,1554
J7_2_6,331402,4413,1551
J21_11_13_18_19_20,188056,4444,592
J21_1_20,98288,4444,712
J24_2_3_5_10_14_23,9276,4444,539
J6_2_4_5_15,13948,4444,883
J2_1_3,85772,4486,519
J7_5_6,340731,4518,1660
M45_11_15_19_23_28_31_35_42_44,34787,4532,587
M8_2_6_7,13053,4532,1063
J7_4_6,166235,4609,703
J8_3_4_7,120574,4748,1331
J6_2_3_5,5125503,4785,1999
J7_3_6,399024,4905,1066
R21_20,207591,5113,782
M24,59746,5133,827
J6_1_2_3_4_5,889895,5204,1946
J7_2_4_5_6,59611,5363,827
J10_8_9,1588274,5409,295
J11_1_10,114767,5438,598
M23_18_20_21_22,162851,5461,1570
J11_2_3_8_10,3967,5555,3939
J14_2_6_13,8251,5555,2550
R16_15,512789,5876,1451
J12_2_11,76837,6144,1545
J10_1_3_6_9_11,8838,6162,2635
task_LTYxMjEzOTY4MDkyNzc3MDY0Njg=,395960,6346,1402
J10_5_9,79207,6689,492
J11_3_10,30304,7010,1456
task_LTI2NTc5ODQ0OTQxMTIyNDk5MTY=,455237,7014,1167
J6_2_5,584998,7135,653
task_ODg3NTU4NTE3NDcxODA4NjA5Ng==,46821925,7151,2477
M4_2,72124,7169,1264
task_NzQ3MjEzNzg0MzE5NDE5NzM1Mg==,4153894,7447,1560
J6_3_4_5,591576,7474,2441
J8_1_7,241252,7743,4163
J7_2_3_6,686936,7775,3241
M22,293407,7787,2581
M23,469781,7943,1993
M9_4_8,15473,8177,181
J8_6_7,906152,8473,2042
J10_2_9,5101936,8737,1628
M5_2_4,168222,8962,4046
M19,236595,9021,2379
M21,571614,9105,2801
MergeTask,91860,9176,2723
J6_1_5,791413,9327,2506
R1_2,2984132,9985,3934
M9_8,101984,10453,1394
M11_4_7_10_14,165882,10829,976
task_LTI0MjU2NDM0NTE3NDI0MzkwNjE=,36926330,10998,5483
R3_1_2,2160917,11731,2625
J5_1_2_4,1136066,11741,3715
task_MzQwMDQzNjY0MzkwNzU2ODYyMg==,11624939,12491,959
R15_14,454778,13383,2395
J9_7_8,486089,13928,3500
M28,82126,14510,1703
task_LTU2Mjc3Mjg3MDk0ODUyNDM1OTk=,83146,14966,2455
J6_4_5,1429458,15825,2549
R7_2_4_6,2037877,15830,4081
M10_3_5_7_9,127490,15916,4604
J5_2_3_4,3575615,16650,3355
M17,557578,17834,1527
R10_9,821783,18718,3115
task_MTM0ODUxMTY0NjQzMTI1NTc1MQ==,1618524,19020,8262
task_LTM1MDg2NzQ2MzE3ODcwMzc0NTU=,3137387,19204,2468
J7_1_6,20428214,20308,3998
J4_1_2_3,1576288,20837,5623
J4_2_3,1773024,22656,6143
task_ODYzMjgxNjM3NDU5NTUwMjc5MA==,7579376,23582,3587
task_LTM1MDg2NzQ2MzE3ODcwMzc0NTM=,3727288,24069,4095
task_NDg2ODM2NDIyMDczNDQ4NzMzOA==,54571635,24472,1579
J5_1_4,10098870,26134,7306
J2_1_4,54085,26828,3099
J5_3_4,6891821,27322,7247
M6_5,585926,28466,7014
J4_1_3,1565197,29469,5859
R7_6,7565578,29515,5022
J22_4_5_21,8543919,30012,10014
task_ODYzMjgxNTM3NDQ2NzUwMjQxMg==,7752738,31633,9313
J21_6_20,6135086,32672,14149
M29,120925,32985,1076
task_LTM1MDg2NzQ2MzE3ODcwMzc0NTQ=,4115610,33110,7044
R14_13,2694886,34442,9277
task_OTg1NjA1OTIxMzA4ODkxNg==,4385888,35042,5812
J19_15_18,11521323,35153,3623
J17_11_12_15_16,306460,36963,4259
J18_9_17,106442,36963,3382
J1_6_19,398883,36963,8261
J20_6_19,361433,36963,7642
M8_7,1140584,37038,4043
J19_7_18,91263,37098,14205
R13_12,6238304,38181,11134
R17_16,10432921,39125,5573
J5_2_4,2743719,42833,3995
M12,1609665,43145,10504
J14_4_5_6_7_13,69975,43329,22168
R18_17,12275231,43379,13900
M20,409920,44269,1917
J20_9_12_19,9379371,44427,25893
R12_11,8289890,45748,14912
R3_2,6664881,46715,9075
J10_3_6_9,5911123,53100,16496
M5_4,2631853,54330,6183
M16,8721947,59633,15877
R11_10,2446701,59787,11075
J5_1_2_3_4,5278152,60971,8385
M25,316415,61421,4795
M13,1536803,66185,17609
R9_8,17008748,67254,23525
M15,672465,69401,7015
M9,1562963,70879,22168
M18,564174,78963,10996
R8_7,22465460,78999,17582
R4_3,8998343,82503,13611
M12_11,1772794,82677,15291
M10,1295941,92012,22397
R5_4,4887607,104051,34850
R6_5,25012390,104201,20022
J3_1_2,40062020,105234,10242
M8,2294977,105751,32253
task_LTg0MTUwNTA5Mjg4MDkwNjIzMA==,26103149,122718,30696
M11,1624645,125971,15057
M7_6,5087991,131230,20397
M26,2427687,137569,7706
M3_2,33011333,190433,27475
M6,3721979,198377,45372
R2_1,87157141,243344,17245
M14,2261599,256628,37364
M7,14263068,484551,73538
M4,24373471,554326,112793
M3,9477961,723721,147259
M5,25694737,1052844,137228
M2,36140999,1129900,101711
M4_3,33429654,1521523,68388
M1,232791505,3989283,416511
